bootstrap,input_features,imbalance,mLMethod,time.start,time.end,Precision,Recall,F1,BalancedAccuracy
26,Baseline,none,glm,2024-02-25T16:37:33Z,2024-02-25T16:37:49Z,NA,0,NA,0.5
26,Baseline,none,earth,2024-02-25T16:37:50Z,2024-02-25T16:39:06Z,NA,0,NA,0.5
26,Baseline,none,pda,2024-02-25T16:39:06Z,2024-02-25T16:40:06Z,NA,0,NA,0.5
26,Baseline,none,multinom,2024-02-25T16:40:06Z,2024-02-25T16:40:34Z,NA,0,NA,0.5
26,Baseline,none,treebag,2024-02-25T16:40:34Z,2024-02-25T16:40:53Z,0,0,NA,0.4983284580025073
26,Baseline,none,gbm,2024-02-25T16:40:54Z,2024-02-25T16:41:17Z,NA,0,NA,0.5
26,Baseline,none,ranger,2024-02-25T16:41:17Z,2024-02-25T16:43:20Z,NA,0,NA,0.5
26,Baseline,none,nnet,2024-02-25T16:43:20Z,2024-02-25T16:43:50Z,NA,0,NA,0.5
26,Baseline,weighted,glm,2024-02-25T16:43:50Z,2024-02-25T16:44:05Z,0.029651593773165306,0.8,0.057183702644746245,0.7632469703301296
26,Baseline,weighted,earth,2024-02-25T16:44:05Z,2024-02-25T17:04:23Z,0.030349013657056147,0.8,0.058479532163742694,0.7664855829502717
26,Baseline,weighted,pda,2024-02-25T17:04:23Z,2024-02-25T17:05:22Z,NA,0,NA,0.5
26,Baseline,weighted,multinom,2024-02-25T17:05:23Z,2024-02-25T17:05:46Z,0.029476787030213707,0.8,0.05685856432125089,0.7624111993313832
26,Baseline,weighted,treebag,2024-02-25T17:05:46Z,2024-02-25T17:06:05Z,0,0,NA,0.4983284580025073
26,Baseline,weighted,gbm,2024-02-25T17:06:06Z,2024-02-25T17:06:28Z,0.030597014925373135,0.82,0.058992805755395686,0.7742916840785625
26,Baseline,weighted,ranger,2024-02-25T17:06:28Z,2024-02-25T17:08:45Z,0.03347639484978541,0.78,0.06419753086419754,0.7723652319264522
26,Baseline,weighted,nnet,2024-02-25T17:08:45Z,2024-02-25T17:09:16Z,0.02726063829787234,0.82,0.05276705276705277,0.7571583786042624
26,Baseline,up,glm,2024-02-25T17:09:16Z,2024-02-25T17:09:32Z,0.029476787030213707,0.8,0.05685856432125089,0.7624111993313832
26,Baseline,up,earth,2024-02-25T17:09:32Z,2024-02-25T17:12:13Z,0.03195635229929852,0.82,0.06151537884471117,0.7802465524446301
26,Baseline,up,pda,2024-02-25T17:12:13Z,2024-02-25T17:13:18Z,0.030211480362537766,0.8,0.058224163027656484,0.7658587547012119
26,Baseline,up,multinom,2024-02-25T17:13:18Z,2024-02-25T17:13:59Z,0.02982848620432513,0.8,0.057512580877066864,0.764082741328876
26,Baseline,up,treebag,2024-02-25T17:13:59Z,2024-02-25T17:14:31Z,0,0,NA,0.49132887588800667
26,Baseline,up,gbm,2024-02-25T17:14:31Z,2024-02-25T17:15:02Z,0.030280649926144758,0.82,0.0584045584045584,0.7728290848307564
26,Baseline,up,ranger,2024-02-25T17:15:02Z,2024-02-25T17:17:42Z,0.03236514522821577,0.78,0.06215139442231076,0.7681863769327204
26,Baseline,up,nnet,2024-02-25T17:17:43Z,2024-02-25T17:18:30Z,0.022948938611589215,0.8,0.04461795872838818,0.7220852486418721
26,Baseline,smote,glm,2024-02-25T17:18:30Z,2024-02-25T17:18:58Z,0.029545454545454545,0.78,0.05693430656934306,0.7561721688257418
26,Baseline,smote,earth,2024-02-25T17:18:58Z,2024-02-25T17:24:44Z,0.03027027027027027,0.56,0.057435897435897436,0.6862891767655663
26,Baseline,smote,pda,2024-02-25T17:24:44Z,2024-02-25T17:25:49Z,0.02972560975609756,0.78,0.057268722466960346,0.7570079398244881
26,Baseline,smote,multinom,2024-02-25T17:25:49Z,2024-02-25T17:26:20Z,0.029748283752860413,0.78,0.057310800881704635,0.7571124111993314
26,Baseline,smote,treebag,2024-02-25T17:26:20Z,2024-02-25T17:26:46Z,0.02631578947368421,0.08,0.039603960396039604,0.5245382365231926
26,Baseline,smote,gbm,2024-02-25T17:26:48Z,2024-02-25T17:27:13Z,0.03076923076923077,0.76,0.059143968871595336,0.7549477643125784
26,Baseline,smote,ranger,2024-02-25T17:27:14Z,2024-02-25T17:30:38Z,0.03207810320781032,0.46,0.05997392438070404,0.6574968658587547
26,Baseline,smote,nnet,2024-02-25T17:30:38Z,2024-02-25T17:31:25Z,0.027285129604365622,0.8,0.05277044854881267,0.7510238194734643
26,Baseline,rose,glm,2024-02-25T17:31:25Z,2024-02-25T17:31:41Z,0.0028628685943315204,0.2,0.005644933672029354,0.2361262014208107
26,Baseline,rose,earth,2024-02-25T17:31:41Z,2024-02-25T17:33:10Z,0.04743083003952569,0.24,0.07920792079207921,0.5948223986627663
26,Baseline,rose,pda,2024-02-25T17:33:10Z,2024-02-25T17:34:14Z,0.030349013657056147,0.8,0.058479532163742694,0.7664855829502717
26,Baseline,rose,multinom,2024-02-25T17:34:14Z,2024-02-25T17:34:43Z,0.0299625468164794,0.8,0.05776173285198556,0.7647095695779357
26,Baseline,rose,treebag,2024-02-25T17:34:43Z,2024-02-25T17:35:10Z,0.0625,0.08,0.07017543859649122,0.5337317175094024
26,Baseline,rose,gbm,2024-02-25T17:35:11Z,2024-02-25T17:35:37Z,0.038391224862888484,0.42,0.07035175879396985,0.655048056832428
26,Baseline,rose,ranger,2024-02-25T17:35:37Z,2024-02-25T17:39:48Z,0.037037037037037035,0.12,0.05660377358490566,0.5437024655244462
26,Baseline,rose,nnet,2024-02-25T17:39:49Z,2024-02-25T17:40:37Z,0.045180722891566265,0.3,0.078534031413612565,0.6168825741746762
26,All,none,glm,2024-02-25T17:40:37Z,2024-02-25T17:40:57Z,1,0.04,0.07692307692307693,0.52
26,All,none,earth,2024-02-25T17:40:57Z,2024-02-25T17:42:31Z,NA,0,NA,0.5
26,All,none,pda,2024-02-25T17:42:31Z,2024-02-25T17:43:35Z,0.11678832116788321,0.32,0.17112299465240638,0.6473589636439615
26,All,none,multinom,2024-02-25T17:43:35Z,2024-02-25T17:44:06Z,1,0.04,0.07692307692307693,0.52
26,All,none,treebag,2024-02-25T17:44:06Z,2024-02-25T17:44:31Z,0.2857142857142857,0.04,0.07017543859649124,0.5194776431257835
26,All,none,gbm,2024-02-25T17:44:31Z,2024-02-25T17:44:58Z,NA,0,NA,0.5
26,All,none,ranger,2024-02-25T17:44:58Z,2024-02-25T17:47:09Z,NA,0,NA,0.5
26,All,none,nnet,2024-02-25T17:47:09Z,2024-02-25T17:48:00Z,NA,0,NA,0.5
26,All,weighted,glm,2024-02-25T17:48:00Z,2024-02-25T17:48:17Z,0.06064880112834979,0.86,0.11330698287220026,0.860422064354367
26,All,weighted,earth,2024-02-25T17:48:17Z,2024-02-25T20:50:28Z,0.056451612903225805,0.84,0.1057934508816121,0.8466610948600084
26,All,weighted,pda,2024-02-25T20:50:28Z,2024-02-25T20:51:32Z,NA,0,NA,0.5
26,All,weighted,multinom,2024-02-25T20:51:33Z,2024-02-25T20:52:02Z,0.05988857938718663,0.86,0.11197916666666666,0.8594818219807773
26,All,weighted,treebag,2024-02-25T20:52:02Z,2024-02-25T20:52:24Z,0.2857142857142857,0.04,0.07017543859649124,0.5194776431257835
26,All,weighted,gbm,2024-02-25T20:52:24Z,2024-02-25T20:52:49Z,0.05890804597701149,0.82,0.1099195710455764,0.8415712494776431
26,All,weighted,ranger,2024-02-25T20:52:49Z,2024-02-25T20:55:19Z,0.16666666666666666,0.02,0.03571428571428571,0.5094776431257835
26,All,weighted,nnet,2024-02-25T20:55:19Z,2024-02-25T20:56:12Z,0.05779569892473118,0.86,0.10831234256926951,0.8567655662348517
26,All,up,glm,2024-02-25T20:56:13Z,2024-02-25T20:56:30Z,0.05988857938718663,0.86,0.11197916666666666,0.8594818219807773
26,All,up,earth,2024-02-25T20:56:30Z,2024-02-25T21:00:30Z,0.05570291777188329,0.84,0.10447761194029852,0.8456163811115753
26,All,up,pda,2024-02-25T21:00:30Z,2024-02-25T21:02:18Z,0.060085836909871244,0.84,0.11214953271028037,0.8513623067279565
26,All,up,multinom,2024-02-25T21:02:18Z,2024-02-25T21:03:20Z,0.06064880112834979,0.86,0.11330698287220026,0.860422064354367
26,All,up,treebag,2024-02-25T21:03:20Z,2024-02-25T21:03:52Z,0.09523809523809523,0.04,0.056338028169014086,0.5180150438779775
26,All,up,gbm,2024-02-25T21:03:53Z,2024-02-25T21:04:26Z,0.05832147937411095,0.82,0.10889774236387784,0.84083994985374
26,All,up,ranger,2024-02-25T21:04:26Z,2024-02-25T21:07:43Z,0,0,NA,0.4998955286251567
26,All,up,nnet,2024-02-25T21:07:44Z,2024-02-25T21:09:14Z,0.05200945626477541,0.88,0.09821428571428571,0.8562139573756791
26,All,smote,glm,2024-02-25T21:09:14Z,2024-02-25T21:09:31Z,0.05805515239477504,0.8,0.10825439783491206,0.8321980777267028
26,All,smote,earth,2024-02-25T21:09:31Z,2024-02-25T21:16:55Z,0.06403940886699508,0.52,0.11403508771929825,0.7203008775595487
26,All,smote,pda,2024-02-25T21:16:55Z,2024-02-25T21:18:42Z,0.06222865412445731,0.86,0.11605937921727395,0.8623025491015461
26,All,smote,multinom,2024-02-25T21:18:42Z,2024-02-25T21:19:24Z,0.05916305916305916,0.82,0.11036339165545087,0.841884663602173
26,All,smote,treebag,2024-02-25T21:19:24Z,2024-02-25T21:19:58Z,0.14893617021276595,0.14,0.1443298969072165,0.5658211450062682
26,All,smote,gbm,2024-02-25T21:19:59Z,2024-02-25T21:20:34Z,0.06144393241167435,0.8,0.11412268188302424,0.836167989970748
26,All,smote,ranger,2024-02-25T21:20:34Z,2024-02-25T21:24:47Z,0.4,0.04,0.07272727272727272,0.5196865858754701
26,All,smote,nnet,2024-02-25T21:24:47Z,2024-02-25T21:26:27Z,0.05865921787709497,0.42,0.10294117647058823,0.6747931466778103
26,All,rose,glm,2024-02-25T21:26:27Z,2024-02-25T21:26:43Z,0.0017039922103213243,0.14,0.003367003367003367,0.14156289176765569
26,All,rose,earth,2024-02-25T21:26:44Z,2024-02-25T21:29:14Z,0.20634920634920634,0.26,0.23008849557522124,0.6247764312578354
26,All,rose,pda,2024-02-25T21:29:14Z,2024-02-25T21:30:22Z,0.06268221574344024,0.86,0.11684782608695653,0.8628249059757627
26,All,rose,multinom,2024-02-25T21:30:22Z,2024-02-25T21:30:58Z,0.059474412171507604,0.86,0.11125485122897799,0.8589594651065608
26,All,rose,treebag,2024-02-25T21:30:58Z,2024-02-25T21:31:31Z,0.11282051282051282,0.44,0.17959183673469387,0.7019264521521104
26,All,rose,gbm,2024-02-25T21:31:32Z,2024-02-25T21:32:01Z,0.09248554913294797,0.64,0.16161616161616163,0.787195988299206
26,All,rose,ranger,2024-02-25T21:32:01Z,2024-02-25T21:37:12Z,0.0989399293286219,0.56,0.16816816816816815,0.7533597994149603
26,All,rose,nnet,2024-02-25T21:37:13Z,2024-02-25T21:38:23Z,0.06824146981627296,0.52,0.12064965197215778,0.722912661930631
7,Baseline,none,glm,2024-02-25T21:38:24Z,2024-02-25T21:38:40Z,NA,0,NA,0.5
7,Baseline,none,earth,2024-02-25T21:38:40Z,2024-02-25T21:39:40Z,NA,0,NA,0.5
7,Baseline,none,pda,2024-02-25T21:39:40Z,2024-02-25T21:40:41Z,NA,0,NA,0.5
7,Baseline,none,multinom,2024-02-25T21:40:41Z,2024-02-25T21:41:06Z,NA,0,NA,0.5
7,Baseline,none,treebag,2024-02-25T21:41:06Z,2024-02-25T21:41:25Z,0,0,NA,0.49874634350188046
7,Baseline,none,gbm,2024-02-25T21:41:26Z,2024-02-25T21:41:48Z,NA,0,NA,0.5
7,Baseline,none,ranger,2024-02-25T21:41:49Z,2024-02-25T21:43:51Z,NA,0,NA,0.5
7,Baseline,none,nnet,2024-02-25T21:43:51Z,2024-02-25T21:44:22Z,NA,0,NA,0.5
7,Baseline,weighted,glm,2024-02-25T21:44:22Z,2024-02-25T21:44:38Z,0.023966942148760332,0.58,0.04603174603174603,0.666619306310071
7,Baseline,weighted,earth,2024-02-25T21:44:38Z,2024-02-25T22:04:25Z,0.021367521367521368,0.5,0.040983606557377046,0.6303802758044296
7,Baseline,weighted,pda,2024-02-25T22:04:25Z,2024-02-25T22:05:25Z,NA,0,NA,0.5
7,Baseline,weighted,multinom,2024-02-25T22:05:25Z,2024-02-25T22:05:56Z,0.02408637873754153,0.58,0.046251993620414676,0.6672461345591307
7,Baseline,weighted,treebag,2024-02-25T22:05:56Z,2024-02-25T22:06:21Z,0,0,NA,0.49874634350188046
7,Baseline,weighted,gbm,2024-02-25T22:06:21Z,2024-02-25T22:06:43Z,0.020729092208720514,0.58,0.040027605244996545,0.6468742164646887
7,Baseline,weighted,ranger,2024-02-25T22:06:44Z,2024-02-25T22:09:00Z,0.025915996425379804,0.58,0.04961505560307956,0.6761262014208107
7,Baseline,weighted,nnet,2024-02-25T22:09:01Z,2024-02-25T22:09:32Z,0.024279210925644917,0.64,0.046783625730994156,0.6856498119515253
7,Baseline,up,glm,2024-02-25T22:09:32Z,2024-02-25T22:09:49Z,0.023887973640856673,0.58,0.04588607594936708,0.6662014208106979
7,Baseline,up,earth,2024-02-25T22:09:49Z,2024-02-25T22:12:20Z,0.02079722703639515,0.48,0.03986710963455149,0.621947346427079
7,Baseline,up,pda,2024-02-25T22:12:20Z,2024-02-25T22:13:22Z,0.024247491638795988,0.58,0.04654895666131621,0.668081905557877
7,Baseline,up,multinom,2024-02-25T22:13:23Z,2024-02-25T22:14:06Z,0.02404643449419569,0.58,0.0461783439490446,0.6670371918094442
7,Baseline,up,treebag,2024-02-25T22:14:06Z,2024-02-25T22:14:31Z,0,0,NA,0.4926870037609695
7,Baseline,up,gbm,2024-02-25T22:14:31Z,2024-02-25T22:15:00Z,0.020334059549745823,0.56,0.03924316748423265,0.6390681153363978
7,Baseline,up,ranger,2024-02-25T22:15:00Z,2024-02-25T22:17:40Z,0.02555066079295154,0.58,0.04894514767932489,0.6744546594233181
7,Baseline,up,nnet,2024-02-25T22:17:40Z,2024-02-25T22:18:28Z,0.022920203735144314,0.54,0.043973941368078175,0.6497534475553699
7,Baseline,smote,glm,2024-02-25T22:18:28Z,2024-02-25T22:18:45Z,0.023712183156173343,0.58,0.04556166535742341,0.6652611784371082
7,Baseline,smote,earth,2024-02-25T22:18:45Z,2024-02-25T22:22:22Z,0.0275,0.44,0.051764705882352935,0.6387212703719181
7,Baseline,smote,pda,2024-02-25T22:22:22Z,2024-02-25T22:23:24Z,0.024026512013256007,0.58,0.046141607000795545,0.666932720434601
7,Baseline,smote,multinom,2024-02-25T22:23:24Z,2024-02-25T22:23:55Z,0.023519870235198703,0.58,0.04520654715510522,0.6642164646886752
7,Baseline,smote,treebag,2024-02-25T22:23:55Z,2024-02-25T22:24:22Z,0.02127659574468085,0.06,0.031413612565445025,0.5155829502716256
7,Baseline,smote,gbm,2024-02-25T22:24:23Z,2024-02-25T22:24:53Z,0.022571148184494603,0.46,0.04303086997193639,0.6259465106560802
7,Baseline,smote,ranger,2024-02-25T22:24:54Z,2024-02-25T22:28:16Z,0.03139013452914798,0.42,0.0584144645340751,0.6423025491015462
7,Baseline,smote,nnet,2024-02-25T22:28:16Z,2024-02-25T22:29:03Z,0.02377521613832853,0.66,0.0458970792767733,0.6884412870873381
7,Baseline,rose,glm,2024-02-25T22:29:03Z,2024-02-25T22:29:20Z,0.005577244841048522,0.4,0.011001100110011,0.3274550773088174
7,Baseline,rose,earth,2024-02-25T22:29:20Z,2024-02-25T22:30:50Z,0.039603960396039604,0.16,0.06349206349206349,0.5597325532804012
7,Baseline,rose,pda,2024-02-25T22:30:50Z,2024-02-25T22:31:54Z,0.02384737678855326,0.6,0.045871559633027525,0.6717091516924363
7,Baseline,rose,multinom,2024-02-25T22:31:54Z,2024-02-25T22:32:24Z,0.02377179080824089,0.6,0.04573170731707318,0.671291266193063
7,Baseline,rose,treebag,2024-02-25T22:32:24Z,2024-02-25T22:32:48Z,0.05714285714285714,0.08,0.06666666666666667,0.5331048892603427
7,Baseline,rose,gbm,2024-02-25T22:32:49Z,2024-02-25T22:33:15Z,0.03672316384180791,0.26,0.06435643564356436,0.5943752611784371
7,Baseline,rose,ranger,2024-02-25T22:33:15Z,2024-02-25T22:37:25Z,0.03235294117647059,0.22,0.056410256410256404,0.5756289176765567
7,Baseline,rose,nnet,2024-02-25T22:37:26Z,2024-02-25T22:38:09Z,0.033264033264033266,0.32,0.06026365348399247,0.6114208106978688
7,All,none,glm,2024-02-25T22:38:10Z,2024-02-25T22:38:26Z,0.5,0.02,0.038461538461538464,0.5098955286251566
7,All,none,earth,2024-02-25T22:38:26Z,2024-02-25T22:40:14Z,NA,0,NA,0.5
7,All,none,pda,2024-02-25T22:40:14Z,2024-02-25T22:41:18Z,0.1417910447761194,0.38,0.20652173913043478,0.6779857918930213
7,All,none,multinom,2024-02-25T22:41:18Z,2024-02-25T22:41:49Z,0.5,0.02,0.038461538461538464,0.5098955286251566
7,All,none,treebag,2024-02-25T22:41:50Z,2024-02-25T22:42:11Z,0.3333333333333333,0.04,0.07142857142857142,0.5195821145006269
7,All,none,gbm,2024-02-25T22:42:11Z,2024-02-25T22:42:37Z,NA,0,NA,0.5
7,All,none,ranger,2024-02-25T22:42:37Z,2024-02-25T22:44:41Z,NA,0,NA,0.5
7,All,none,nnet,2024-02-25T22:44:42Z,2024-02-25T22:45:32Z,NA,0,NA,0.5
7,All,weighted,glm,2024-02-25T22:45:32Z,2024-02-25T22:45:49Z,0.05433186490455213,0.74,0.1012311901504788,0.8027204346009194
7,All,weighted,earth,2024-02-25T22:45:49Z,2024-02-26T00:24:33Z,0.05647840531561462,0.68,0.10429447852760736,0.7806602590890097
7,All,weighted,pda,2024-02-26T00:24:33Z,2024-02-26T00:25:41Z,NA,0,NA,0.5
7,All,weighted,multinom,2024-02-26T00:25:41Z,2024-02-26T00:26:18Z,0.053237410071942444,0.74,0.09932885906040267,0.8012578353531132
7,All,weighted,treebag,2024-02-26T00:26:18Z,2024-02-26T00:26:47Z,0.3333333333333333,0.04,0.07142857142857142,0.5195821145006269
7,All,weighted,gbm,2024-02-26T00:26:48Z,2024-02-26T00:27:13Z,0.05606060606060606,0.74,0.10422535211267606,0.8049143334726285
7,All,weighted,ranger,2024-02-26T00:27:13Z,2024-02-26T00:29:41Z,0.8,0.08,0.14545454545454545,0.5398955286251567
7,All,weighted,nnet,2024-02-26T00:29:41Z,2024-02-26T00:30:33Z,0.05433186490455213,0.74,0.1012311901504788,0.8027204346009194
7,All,up,glm,2024-02-26T00:30:33Z,2024-02-26T00:30:50Z,0.05417276720351391,0.74,0.10095497953615279,0.8025114918512328
7,All,up,earth,2024-02-26T00:30:50Z,2024-02-26T00:34:54Z,0.05459770114942529,0.76,0.10187667560321717,0.8112578353531132
7,All,up,pda,2024-02-26T00:34:54Z,2024-02-26T00:36:41Z,0.05555555555555555,0.74,0.10335195530726256,0.8042875052235687
7,All,up,multinom,2024-02-26T00:36:41Z,2024-02-26T00:37:42Z,0.05465288035450517,0.74,0.10178817056396147,0.8031383201002925
7,All,up,treebag,2024-02-26T00:37:42Z,2024-02-26T00:38:14Z,0.3333333333333333,0.1,0.15384615384615383,0.5489552862515671
7,All,up,gbm,2024-02-26T00:38:14Z,2024-02-26T00:38:45Z,0.055964653902798235,0.76,0.10425240054869685,0.8130338487254491
7,All,up,ranger,2024-02-26T00:38:45Z,2024-02-26T00:41:59Z,NA,0,NA,0.5
7,All,up,nnet,2024-02-26T00:41:59Z,2024-02-26T00:43:29Z,0.046511627906976744,0.76,0.08765859284890427,0.7986167989970748
7,All,smote,glm,2024-02-26T00:43:29Z,2024-02-26T00:43:46Z,0.0571870170015456,0.74,0.10616929698708752,0.8062724613455914
7,All,smote,earth,2024-02-26T00:43:46Z,2024-02-26T00:50:39Z,0.059665871121718374,0.5,0.10660980810234541,0.7088382783117426
7,All,smote,pda,2024-02-26T00:50:39Z,2024-02-26T00:52:26Z,0.05648854961832061,0.74,0.10496453900709218,0.805436690346845
7,All,smote,multinom,2024-02-26T00:52:26Z,2024-02-26T00:53:07Z,0.05666156202143951,0.74,0.10526315789473685,0.8056456330965316
7,All,smote,treebag,2024-02-26T00:53:07Z,2024-02-26T00:53:40Z,0.12121212121212122,0.08,0.09638554216867469,0.5369703301295445
7,All,smote,gbm,2024-02-26T00:53:40Z,2024-02-26T00:54:13Z,0.056338028169014086,0.72,0.10449927431059507,0.7970037609694943
7,All,smote,ranger,2024-02-26T00:54:13Z,2024-02-26T00:58:21Z,0.375,0.06,0.10344827586206896,0.5294776431257835
7,All,smote,nnet,2024-02-26T00:58:21Z,2024-02-26T00:59:50Z,0.048484848484848485,0.8,0.09142857142857143,0.817989970748015
7,All,rose,glm,2024-02-26T00:59:50Z,2024-02-26T01:00:07Z,0.002896451846488052,0.24,0.005723825423324588,0.18842875052235686
7,All,rose,earth,2024-02-26T01:00:08Z,2024-02-26T01:02:34Z,0.28205128205128205,0.22,0.24719101123595508,0.6070748015043879
7,All,rose,pda,2024-02-26T01:02:34Z,2024-02-26T01:03:42Z,0.05731523378582202,0.76,0.10659186535764376,0.8147053907229419
7,All,rose,multinom,2024-02-26T01:03:42Z,2024-02-26T01:04:19Z,0.054519368723098996,0.76,0.10174029451137884,0.81115336397827
7,All,rose,treebag,2024-02-26T01:04:19Z,2024-02-26T01:04:51Z,0.09174311926605505,0.4,0.14925373134328357,0.679314667781028
7,All,rose,gbm,2024-02-26T01:04:51Z,2024-02-26T01:05:19Z,0.0847953216374269,0.58,0.14795918367346939,0.7573004596740494
7,All,rose,ranger,2024-02-26T01:05:19Z,2024-02-26T01:10:20Z,0.10384615384615385,0.54,0.1741935483870968,0.7456581696615128
7,All,rose,nnet,2024-02-26T01:10:21Z,2024-02-26T01:11:28Z,0.05446927374301676,0.78,0.10182767624020887,0.8192728792310907
95,Baseline,none,glm,2024-02-26T01:11:28Z,2024-02-26T01:11:44Z,NA,0,NA,0.5
95,Baseline,none,earth,2024-02-26T01:11:44Z,2024-02-26T01:12:49Z,NA,0,NA,0.5
95,Baseline,none,pda,2024-02-26T01:12:49Z,2024-02-26T01:13:49Z,NA,0,NA,0.5
95,Baseline,none,multinom,2024-02-26T01:13:49Z,2024-02-26T01:14:14Z,NA,0,NA,0.5
95,Baseline,none,treebag,2024-02-26T01:14:14Z,2024-02-26T01:14:33Z,0.1,0.02,0.03333333333333333,0.5090597576264103
95,Baseline,none,gbm,2024-02-26T01:14:33Z,2024-02-26T01:14:57Z,NA,0,NA,0.5
95,Baseline,none,ranger,2024-02-26T01:14:57Z,2024-02-26T01:17:00Z,NA,0,NA,0.5
95,Baseline,none,nnet,2024-02-26T01:17:01Z,2024-02-26T01:17:31Z,NA,0,NA,0.5
95,Baseline,weighted,glm,2024-02-26T01:17:31Z,2024-02-26T01:17:47Z,0.026148969889064975,0.66,0.05030487804878048,0.701604680317593
95,Baseline,weighted,earth,2024-02-26T01:17:47Z,2024-02-26T01:37:19Z,0.025963808025177025,0.66,0.049962149886449654,0.7006644379440033
95,Baseline,weighted,pda,2024-02-26T01:37:19Z,2024-02-26T01:38:20Z,NA,0,NA,0.5
95,Baseline,weighted,multinom,2024-02-26T01:38:20Z,2024-02-26T01:38:44Z,0.027131782945736434,0.7,0.05223880597014925,0.7188884245716674
95,Baseline,weighted,treebag,2024-02-26T01:38:44Z,2024-02-26T01:39:03Z,0.1,0.02,0.03333333333333333,0.5090597576264103
95,Baseline,weighted,gbm,2024-02-26T01:39:04Z,2024-02-26T01:39:29Z,0.027287319422150885,0.68,0.05246913580246914,0.713380693689929
95,Baseline,weighted,ranger,2024-02-26T01:39:29Z,2024-02-26T01:41:48Z,0.028751123090745734,0.64,0.05503009458297507,0.7070664437944003
95,Baseline,weighted,nnet,2024-02-26T01:41:48Z,2024-02-26T01:42:19Z,0.027237354085603113,0.7,0.05243445692883895,0.7194107814458839
95,Baseline,up,glm,2024-02-26T01:42:19Z,2024-02-26T01:42:35Z,0.026004728132387706,0.66,0.05003790750568612,0.70087338069369
95,Baseline,up,earth,2024-02-26T01:42:35Z,2024-02-26T01:45:10Z,0.025437201907790145,0.64,0.04892966360856269,0.6919180944421228
95,Baseline,up,pda,2024-02-26T01:45:10Z,2024-02-26T01:46:12Z,0.026252983293556086,0.66,0.050497322111706204,0.7021270371918095
95,Baseline,up,multinom,2024-02-26T01:46:12Z,2024-02-26T01:46:47Z,0.02608695652173913,0.66,0.050190114068441066,0.701291266193063
95,Baseline,up,treebag,2024-02-26T01:46:47Z,2024-02-26T01:47:11Z,0.01694915254237288,0.02,0.01834862385321101,0.503940660259089
95,Baseline,up,gbm,2024-02-26T01:47:12Z,2024-02-26T01:47:40Z,0.02789171452009844,0.68,0.05358550039401104,0.7162014208106979
95,Baseline,up,ranger,2024-02-26T01:47:40Z,2024-02-26T01:50:21Z,0.027678571428571427,0.62,0.05299145299145299,0.696230672795654
95,Baseline,up,nnet,2024-02-26T01:50:21Z,2024-02-26T01:51:11Z,0.031746031746031744,0.6,0.06030150753768844,0.704408692018387
95,Baseline,smote,glm,2024-02-26T01:51:11Z,2024-02-26T01:51:27Z,0.027195027195027196,0.7,0.05235602094240838,0.7192018386961971
95,Baseline,smote,earth,2024-02-26T01:51:27Z,2024-02-26T01:57:39Z,0.029950083194675542,0.36,0.055299539170506916,0.6190931884663602
95,Baseline,smote,pda,2024-02-26T01:57:40Z,2024-02-26T01:58:42Z,0.02704791344667697,0.7,0.05208333333333333,0.7184705390722942
95,Baseline,smote,multinom,2024-02-26T01:58:42Z,2024-02-26T01:59:14Z,0.027131782945736434,0.7,0.05223880597014925,0.7188884245716674
95,Baseline,smote,treebag,2024-02-26T01:59:14Z,2024-02-26T01:59:41Z,0.03333333333333333,0.1,0.05,0.5348516506477226
95,Baseline,smote,gbm,2024-02-26T01:59:42Z,2024-02-26T02:00:09Z,0.02536510376633359,0.66,0.04885270170244264,0.6975302966987046
95,Baseline,smote,ranger,2024-02-26T02:00:09Z,2024-02-26T02:03:35Z,0.029455081001472753,0.4,0.05486968449931413,0.63115336397827
95,Baseline,smote,nnet,2024-02-26T02:03:35Z,2024-02-26T02:04:23Z,0.022929936305732482,0.72,0.044444444444444446,0.6997409109903886
95,Baseline,rose,glm,2024-02-26T02:04:23Z,2024-02-26T02:04:40Z,0.004752585965893207,0.34,0.009374138406396471,0.29808190555787717
95,Baseline,rose,earth,2024-02-26T02:04:40Z,2024-02-26T02:06:12Z,0.05263157894736842,0.18,0.08144796380090497,0.5730756372753866
95,Baseline,rose,pda,2024-02-26T02:06:12Z,2024-02-26T02:07:17Z,0.026785714285714284,0.66,0.05148205928237129,0.7047388215628918
95,Baseline,rose,multinom,2024-02-26T02:07:17Z,2024-02-26T02:07:46Z,0.02652733118971061,0.66,0.05100463678516228,0.7034851650647722
95,Baseline,rose,treebag,2024-02-26T02:07:46Z,2024-02-26T02:08:10Z,0.021739130434782608,0.04,0.028169014084507043,0.5105975762641036
95,Baseline,rose,gbm,2024-02-26T02:08:11Z,2024-02-26T02:08:37Z,0.04219409282700422,0.4,0.07633587786259541,0.652569995821145
95,Baseline,rose,ranger,2024-02-26T02:08:37Z,2024-02-26T02:12:49Z,0.038461538461538464,0.06,0.04687500000000001,0.522164646886753
95,Baseline,rose,nnet,2024-02-26T02:12:50Z,2024-02-26T02:13:31Z,0.03745928338762215,0.46,0.06927710843373494,0.6682574174676139
95,All,none,glm,2024-02-26T02:13:31Z,2024-02-26T02:13:48Z,NA,0,NA,0.5
95,All,none,earth,2024-02-26T02:13:48Z,2024-02-26T02:15:23Z,NA,0,NA,0.5
95,All,none,pda,2024-02-26T02:15:23Z,2024-02-26T02:16:28Z,0.14893617021276595,0.42,0.21989528795811517,0.6974634350188048
95,All,none,multinom,2024-02-26T02:16:28Z,2024-02-26T02:17:00Z,NA,0,NA,0.5
95,All,none,treebag,2024-02-26T02:17:00Z,2024-02-26T02:17:21Z,0.14285714285714285,0.02,0.03508771929824562,0.5093731717509402
95,All,none,gbm,2024-02-26T02:17:22Z,2024-02-26T02:17:49Z,1,0.02,0.0392156862745098,0.51
95,All,none,ranger,2024-02-26T02:17:49Z,2024-02-26T02:19:55Z,NA,0,NA,0.5
95,All,none,nnet,2024-02-26T02:19:55Z,2024-02-26T02:20:47Z,NA,0,NA,0.5
95,All,weighted,glm,2024-02-26T02:20:47Z,2024-02-26T02:21:03Z,0.05555555555555555,0.82,0.10406091370558375,0.8371834517342248
95,All,weighted,earth,2024-02-26T02:21:03Z,2024-02-26T07:38:52Z,0.059334298118668596,0.82,0.11066126855600539,0.8420936063518596
95,All,weighted,pda,2024-02-26T07:38:52Z,2024-02-26T07:39:57Z,NA,0,NA,0.5
95,All,weighted,multinom,2024-02-26T07:39:57Z,2024-02-26T07:40:28Z,0.05503355704697987,0.82,0.10314465408805032,0.8364521521103218
95,All,weighted,treebag,2024-02-26T07:40:28Z,2024-02-26T07:40:50Z,0.14285714285714285,0.02,0.03508771929824562,0.5093731717509402
95,All,weighted,gbm,2024-02-26T07:40:51Z,2024-02-26T07:41:17Z,0.05718270571827057,0.82,0.10691003911342895,0.8393773506059339
95,All,weighted,ranger,2024-02-26T07:41:18Z,2024-02-26T07:43:48Z,0,0,NA,0.4997910572503134
95,All,weighted,nnet,2024-02-26T07:43:48Z,2024-02-26T07:44:41Z,0.05290322580645161,0.82,0.0993939393939394,0.8333180108650229
95,All,up,glm,2024-02-26T07:44:41Z,2024-02-26T07:44:59Z,0.05518169582772544,0.82,0.10340479192938208,0.8366610948600084
95,All,up,earth,2024-02-26T07:44:59Z,2024-02-26T07:49:07Z,0.056164383561643834,0.82,0.10512820512820512,0.8380192227329711
95,All,up,pda,2024-02-26T07:49:07Z,2024-02-26T07:50:54Z,0.056708160442600276,0.82,0.10608020698576973,0.8387505223568742
95,All,up,multinom,2024-02-26T07:50:54Z,2024-02-26T07:51:46Z,0.05525606469002695,0.82,0.10353535353535354,0.8367655662348517
95,All,up,treebag,2024-02-26T07:51:46Z,2024-02-26T07:52:17Z,0.07142857142857142,0.02,0.03125,0.5086418721270372
95,All,up,gbm,2024-02-26T07:52:18Z,2024-02-26T07:52:53Z,0.05510752688172043,0.82,0.10327455919395466,0.836556623485165
95,All,up,ranger,2024-02-26T07:52:53Z,2024-02-26T07:56:11Z,0,0,NA,0.4998955286251567
95,All,up,nnet,2024-02-26T07:56:11Z,2024-02-26T07:57:45Z,0.05457227138643068,0.74,0.10164835164835165,0.8030338487254491
95,All,smote,glm,2024-02-26T07:57:45Z,2024-02-26T07:58:03Z,0.05639614855570839,0.82,0.10553410553410554,0.838332636857501
95,All,smote,earth,2024-02-26T07:58:03Z,2024-02-26T08:06:26Z,0.08611111111111111,0.62,0.15121951219512195,0.7756289176765566
95,All,smote,pda,2024-02-26T08:06:26Z,2024-02-26T08:08:14Z,0.05758426966292135,0.82,0.10761154855643044,0.8398997074801504
95,All,smote,multinom,2024-02-26T08:08:14Z,2024-02-26T08:09:00Z,0.05631868131868132,0.82,0.10539845758354756,0.8382281654826578
95,All,smote,treebag,2024-02-26T08:09:00Z,2024-02-26T08:09:33Z,0.16666666666666666,0.08,0.10810810810810811,0.5379105725031341
95,All,smote,gbm,2024-02-26T08:09:34Z,2024-02-26T08:10:06Z,0.056686046511627904,0.78,0.1056910569105691,0.8221980777267028
95,All,smote,ranger,2024-02-26T08:10:06Z,2024-02-26T08:14:22Z,0.10526315789473684,0.04,0.057971014492753624,0.518223986627664
95,All,smote,nnet,2024-02-26T08:14:23Z,2024-02-26T08:15:52Z,0.04918032786885246,0.84,0.09292035398230089,0.8351692436272461
95,All,rose,glm,2024-02-26T08:15:52Z,2024-02-26T08:16:09Z,0.0021945866861741038,0.18,0.004336304504938568,0.1625031341412453
95,All,rose,earth,2024-02-26T08:16:09Z,2024-02-26T08:18:37Z,0.25,0.22,0.23404255319148937,0.6065524446301713
95,All,rose,pda,2024-02-26T08:18:37Z,2024-02-26T08:19:45Z,0.05758426966292135,0.82,0.10761154855643044,0.8398997074801504
95,All,rose,multinom,2024-02-26T08:19:45Z,2024-02-26T08:20:22Z,0.05416116248348745,0.82,0.10161090458488228,0.8351984956122023
95,All,rose,treebag,2024-02-26T08:20:22Z,2024-02-26T08:20:55Z,0.10975609756097561,0.54,0.18243243243243243,0.7471207689093189
95,All,rose,gbm,2024-02-26T08:20:55Z,2024-02-26T08:21:22Z,0.08095238095238096,0.68,0.14468085106382977,0.799674049310489
95,All,rose,ranger,2024-02-26T08:21:22Z,2024-02-26T08:26:30Z,0.09565217391304348,0.66,0.1670886075949367,0.7974049310488927
95,All,rose,nnet,2024-02-26T08:26:31Z,2024-02-26T08:27:52Z,0.13145539906103287,0.56,0.2129277566539924,0.7606727956539908
87,Baseline,none,glm,2024-02-26T08:27:53Z,2024-02-26T08:28:09Z,NA,0,NA,0.5
87,Baseline,none,earth,2024-02-26T08:28:09Z,2024-02-26T08:29:10Z,NA,0,NA,0.5
87,Baseline,none,pda,2024-02-26T08:29:10Z,2024-02-26T08:30:11Z,NA,0,NA,0.5
87,Baseline,none,multinom,2024-02-26T08:30:11Z,2024-02-26T08:30:36Z,NA,0,NA,0.5
87,Baseline,none,treebag,2024-02-26T08:30:36Z,2024-02-26T08:30:55Z,0,0,NA,0.4986418721270372
87,Baseline,none,gbm,2024-02-26T08:30:55Z,2024-02-26T08:31:20Z,NA,0,NA,0.5
87,Baseline,none,ranger,2024-02-26T08:31:20Z,2024-02-26T08:33:23Z,NA,0,NA,0.5
87,Baseline,none,nnet,2024-02-26T08:33:23Z,2024-02-26T08:33:54Z,NA,0,NA,0.5
87,Baseline,weighted,glm,2024-02-26T08:33:54Z,2024-02-26T08:34:10Z,0.02664576802507837,0.68,0.05128205128205129,0.7102465524446302
87,Baseline,weighted,earth,2024-02-26T08:34:10Z,2024-02-26T08:53:53Z,0.02642113690952762,0.66,0.050808314087759814,0.7029628081905558
87,Baseline,weighted,pda,2024-02-26T08:53:53Z,2024-02-26T08:54:53Z,NA,0,NA,0.5
87,Baseline,weighted,multinom,2024-02-26T08:54:53Z,2024-02-26T08:55:18Z,0.026397515527950312,0.68,0.05082212257100149,0.7089928959465106
87,Baseline,weighted,treebag,2024-02-26T08:55:18Z,2024-02-26T08:55:37Z,0,0,NA,0.4986418721270372
87,Baseline,weighted,gbm,2024-02-26T08:55:37Z,2024-02-26T08:56:01Z,0.02437106918238994,0.62,0.046898638426626324,0.6803510238194734
87,Baseline,weighted,ranger,2024-02-26T08:56:01Z,2024-02-26T08:58:19Z,0.027264731750219876,0.62,0.05223251895534962,0.6944546594233181
87,Baseline,weighted,nnet,2024-02-26T08:58:19Z,2024-02-26T08:58:51Z,0.02735562310030395,0.72,0.0527086383601757,0.726276640200585
87,Baseline,up,glm,2024-02-26T08:58:51Z,2024-02-26T08:59:07Z,0.02654176424668228,0.68,0.05108940646130729,0.7097241955704137
87,Baseline,up,earth,2024-02-26T08:59:07Z,2024-02-26T09:01:41Z,0.024,0.6,0.04615384615384615,0.6725449226911826
87,Baseline,up,pda,2024-02-26T09:01:41Z,2024-02-26T09:02:43Z,0.026294820717131476,0.66,0.05057471264367817,0.7023359799414961
87,Baseline,up,multinom,2024-02-26T09:02:43Z,2024-02-26T09:03:25Z,0.026232114467408585,0.66,0.05045871559633028,0.7020225658169661
87,Baseline,up,treebag,2024-02-26T09:03:25Z,2024-02-26T09:03:49Z,0.014285714285714285,0.02,0.016666666666666666,0.5027914751358128
87,Baseline,up,gbm,2024-02-26T09:03:49Z,2024-02-26T09:04:18Z,0.025389025389025387,0.62,0.048780487804878044,0.6856790639364814
87,Baseline,up,ranger,2024-02-26T09:04:18Z,2024-02-26T09:06:59Z,0.02631578947368421,0.6,0.050420168067226885,0.6840367739239448
87,Baseline,up,nnet,2024-02-26T09:06:59Z,2024-02-26T09:07:52Z,0.025166543301258327,0.68,0.04853675945753033,0.7024111993313833
87,Baseline,smote,glm,2024-02-26T09:07:52Z,2024-02-26T09:08:09Z,0.02717825739408473,0.68,0.052267486548808605,0.7128583368157125
87,Baseline,smote,earth,2024-02-26T09:08:09Z,2024-02-26T09:13:56Z,0.030656934306569343,0.42,0.05714285714285714,0.6406310071040535
87,Baseline,smote,pda,2024-02-26T09:13:57Z,2024-02-26T09:14:59Z,0.02766798418972332,0.7,0.0532319391634981,0.7215002089427497
87,Baseline,smote,multinom,2024-02-26T09:14:59Z,2024-02-26T09:15:30Z,0.02722177742193755,0.68,0.05234795996920709,0.7130672795653992
87,Baseline,smote,treebag,2024-02-26T09:15:31Z,2024-02-26T09:15:57Z,0.007874015748031496,0.02,0.011299435028248588,0.4968366067697451
87,Baseline,smote,gbm,2024-02-26T09:15:58Z,2024-02-26T09:16:28Z,0.02561837455830389,0.58,0.04906937394247039,0.6747680735478478
87,Baseline,smote,ranger,2024-02-26T09:16:29Z,2024-02-26T09:19:52Z,0.02604920405209841,0.36,0.048582995951417005,0.6096907647304639
87,Baseline,smote,nnet,2024-02-26T09:19:52Z,2024-02-26T09:20:40Z,0.022743425728500355,0.64,0.04392587508579272,0.6763518595904723
87,Baseline,rose,glm,2024-02-26T09:20:41Z,2024-02-26T09:20:57Z,0.004473022085546547,0.32,0.008822718500137855,0.28797743418303384
87,Baseline,rose,earth,2024-02-26T09:20:57Z,2024-02-26T09:22:29Z,0.03825136612021858,0.14,0.06008583690987125,0.5516130380275804
87,Baseline,rose,pda,2024-02-26T09:22:30Z,2024-02-26T09:23:34Z,0.02675059008654603,0.68,0.05147615442846329,0.7107689093188467
87,Baseline,rose,multinom,2024-02-26T09:23:34Z,2024-02-26T09:24:03Z,0.026604068857589983,0.68,0.051204819277108425,0.7100376096949437
87,Baseline,rose,treebag,2024-02-26T09:24:03Z,2024-02-26T09:24:28Z,0.0375,0.06,0.04615384615384615,0.5219557041370665
87,Baseline,rose,gbm,2024-02-26T09:24:29Z,2024-02-26T09:24:55Z,0.0440771349862259,0.32,0.0774818401937046,0.6237484329293773
87,Baseline,rose,ranger,2024-02-26T09:24:55Z,2024-02-26T09:29:07Z,0.04594594594594595,0.34,0.08095238095238096,0.6331216046803176
87,Baseline,rose,nnet,2024-02-26T09:29:09Z,2024-02-26T09:29:51Z,0.03215926493108729,0.42,0.05974395448079659,0.6439740910990388
87,All,none,glm,2024-02-26T09:29:51Z,2024-02-26T09:30:09Z,1,0.02,0.0392156862745098,0.51
87,All,none,earth,2024-02-26T09:30:09Z,2024-02-26T09:31:46Z,NA,0,NA,0.5
87,All,none,pda,2024-02-26T09:31:46Z,2024-02-26T09:32:50Z,0.140625,0.36,0.20224719101123595,0.6685081487672377
87,All,none,multinom,2024-02-26T09:32:51Z,2024-02-26T09:33:21Z,1,0.02,0.0392156862745098,0.51
87,All,none,treebag,2024-02-26T09:33:22Z,2024-02-26T09:33:43Z,0.14285714285714285,0.02,0.03508771929824562,0.5093731717509402
87,All,none,gbm,2024-02-26T09:33:44Z,2024-02-26T09:34:09Z,NA,0,NA,0.5
87,All,none,ranger,2024-02-26T09:34:09Z,2024-02-26T09:36:15Z,NA,0,NA,0.5
87,All,none,nnet,2024-02-26T09:36:15Z,2024-02-26T09:37:06Z,NA,0,NA,0.5
87,All,weighted,glm,2024-02-26T09:37:06Z,2024-02-26T09:37:23Z,0.0524822695035461,0.74,0.0980132450331126,0.8002131216046804
87,All,weighted,earth,2024-02-26T09:37:24Z,2024-02-26T14:20:50Z,0.05290322580645161,0.82,0.0993939393939394,0.8333180108650229
87,All,weighted,pda,2024-02-26T14:20:51Z,2024-02-26T14:21:55Z,NA,0,NA,0.5
87,All,weighted,multinom,2024-02-26T14:21:55Z,2024-02-26T14:22:24Z,0.05449591280653951,0.8,0.10204081632653061,0.8274968658587547
87,All,weighted,treebag,2024-02-26T14:22:25Z,2024-02-26T14:22:47Z,0.14285714285714285,0.02,0.03508771929824562,0.5093731717509402
87,All,weighted,gbm,2024-02-26T14:22:47Z,2024-02-26T14:23:14Z,0.05832147937411095,0.82,0.10889774236387784,0.84083994985374
87,All,weighted,ranger,2024-02-26T14:23:14Z,2024-02-26T14:25:44Z,0.125,0.02,0.03448275862068966,0.509268700376097
87,All,weighted,nnet,2024-02-26T14:25:44Z,2024-02-26T14:26:37Z,0.05416116248348745,0.82,0.10161090458488228,0.8351984956122023
87,All,up,glm,2024-02-26T14:26:37Z,2024-02-26T14:26:54Z,0.05240793201133145,0.74,0.09788359788359789,0.800108650229837
87,All,up,earth,2024-02-26T14:26:54Z,2024-02-26T14:30:44Z,0.056241426611796985,0.82,0.10526315789473684,0.8381236941078145
87,All,up,pda,2024-02-26T14:30:45Z,2024-02-26T14:32:31Z,0.0584045584045584,0.82,0.10904255319148937,0.8409444212285833
87,All,up,multinom,2024-02-26T14:32:32Z,2024-02-26T14:33:38Z,0.05157593123209169,0.72,0.0962566844919786,0.7908399498537401
87,All,up,treebag,2024-02-26T14:33:39Z,2024-02-26T14:34:10Z,0.06666666666666667,0.02,0.030769230769230767,0.5085374007521939
87,All,up,gbm,2024-02-26T14:34:11Z,2024-02-26T14:34:44Z,0.05750350631136045,0.82,0.10747051114023591,0.8397952361053072
87,All,up,ranger,2024-02-26T14:34:45Z,2024-02-26T14:38:02Z,0,0,NA,0.4994776431257835
87,All,up,nnet,2024-02-26T14:38:03Z,2024-02-26T14:40:00Z,0.09821428571428571,0.22,0.13580246913580246,0.5994483911408274
87,All,smote,glm,2024-02-26T14:40:00Z,2024-02-26T14:40:17Z,0.059334298118668596,0.82,0.11066126855600539,0.8420936063518596
87,All,smote,earth,2024-02-26T14:40:17Z,2024-02-26T14:45:07Z,0.06823027718550106,0.64,0.12331406551059729,0.7743460091934811
87,All,smote,pda,2024-02-26T14:45:07Z,2024-02-26T14:46:54Z,0.058823529411764705,0.82,0.10977242302543508,0.8414667781027998
87,All,smote,multinom,2024-02-26T14:46:54Z,2024-02-26T14:47:35Z,0.059506531204644414,0.82,0.11096075778078485,0.8423025491015461
87,All,smote,treebag,2024-02-26T14:47:35Z,2024-02-26T14:48:08Z,0.06666666666666667,0.06,0.06315789473684212,0.5256122022565817
87,All,smote,gbm,2024-02-26T14:48:09Z,2024-02-26T14:48:40Z,0.06372549019607843,0.78,0.11782477341389727,0.8301379022147932
87,All,smote,ranger,2024-02-26T14:48:40Z,2024-02-26T14:52:54Z,0.1,0.04,0.05714285714285714,0.5181195152528207
87,All,smote,nnet,2024-02-26T14:52:55Z,2024-02-26T14:54:23Z,0.050239234449760764,0.84,0.0948081264108352,0.8370497283744254
87,All,rose,glm,2024-02-26T14:54:23Z,2024-02-26T14:54:41Z,0.0031660983925962008,0.26,0.006256015399422522,0.202398662766402
87,All,rose,earth,2024-02-26T14:54:41Z,2024-02-26T14:57:12Z,0.1875,0.3,0.23076923076923075,0.643209360635186
87,All,rose,pda,2024-02-26T14:57:12Z,2024-02-26T14:58:20Z,0.055714285714285716,0.78,0.10400000000000001,0.8209444212285834
87,All,rose,multinom,2024-02-26T14:58:20Z,2024-02-26T14:58:58Z,0.05255878284923928,0.76,0.0983182406209573,0.8084371082323443
87,All,rose,treebag,2024-02-26T14:58:58Z,2024-02-26T14:59:30Z,0.12903225806451613,0.48,0.20338983050847456,0.7230756372753866
87,All,rose,gbm,2024-02-26T14:59:31Z,2024-02-26T15:00:00Z,0.06306306306306306,0.7,0.11570247933884296,0.7956748850814876
87,All,rose,ranger,2024-02-26T15:00:01Z,2024-02-26T15:05:08Z,0.09798270893371758,0.68,0.17128463476070527,0.8073004596740494
87,All,rose,nnet,2024-02-26T15:05:08Z,2024-02-26T15:06:22Z,0.09034267912772585,0.58,0.1563342318059299,0.7594943585457584
36,Baseline,none,glm,2024-02-26T15:06:22Z,2024-02-26T15:06:39Z,NA,0,NA,0.5
36,Baseline,none,earth,2024-02-26T15:06:39Z,2024-02-26T15:07:48Z,NA,0,NA,0.5
36,Baseline,none,pda,2024-02-26T15:07:48Z,2024-02-26T15:08:48Z,NA,0,NA,0.5
36,Baseline,none,multinom,2024-02-26T15:08:48Z,2024-02-26T15:09:14Z,NA,0,NA,0.5
36,Baseline,none,treebag,2024-02-26T15:09:14Z,2024-02-26T15:09:35Z,0,0,NA,0.49874634350188046
36,Baseline,none,gbm,2024-02-26T15:09:35Z,2024-02-26T15:09:59Z,NA,0,NA,0.5
36,Baseline,none,ranger,2024-02-26T15:09:59Z,2024-02-26T15:12:02Z,NA,0,NA,0.5
36,Baseline,none,nnet,2024-02-26T15:12:02Z,2024-02-26T15:12:33Z,NA,0,NA,0.5
36,Baseline,weighted,glm,2024-02-26T15:12:33Z,2024-02-26T15:12:50Z,0.028528528528528527,0.76,0.05499276410998553,0.7448140409527789
36,Baseline,weighted,earth,2024-02-26T15:12:50Z,2024-02-26T15:32:38Z,0.02852962692026335,0.78,0.05504587155963303,0.751262014208107
36,Baseline,weighted,pda,2024-02-26T15:32:39Z,2024-02-26T15:33:39Z,NA,0,NA,0.5
36,Baseline,weighted,multinom,2024-02-26T15:33:39Z,2024-02-26T15:34:04Z,0.028127313101406367,0.76,0.05424696645253391,0.7428290848307564
36,Baseline,weighted,treebag,2024-02-26T15:34:04Z,2024-02-26T15:34:23Z,0,0,NA,0.49874634350188046
36,Baseline,weighted,gbm,2024-02-26T15:34:24Z,2024-02-26T15:34:48Z,0.028739867354458364,0.78,0.055437100213219626,0.7523067279565399
36,Baseline,weighted,ranger,2024-02-26T15:34:48Z,2024-02-26T15:37:07Z,0.030874785591766724,0.72,0.05921052631578947,0.7419473464270789
36,Baseline,weighted,nnet,2024-02-26T15:37:07Z,2024-02-26T15:37:37Z,0.026495726495726495,0.62,0.050819672131147534,0.6910071040534893
36,Baseline,up,glm,2024-02-26T15:37:37Z,2024-02-26T15:37:54Z,0.028528528528528527,0.76,0.05499276410998553,0.7448140409527789
36,Baseline,up,earth,2024-02-26T15:37:54Z,2024-02-26T15:40:30Z,0.027661357921207042,0.66,0.05309734513274337,0.7088132051817801
36,Baseline,up,pda,2024-02-26T15:40:30Z,2024-02-26T15:41:33Z,0.028592927012791574,0.76,0.05511240029006527,0.7451274550773088
36,Baseline,up,multinom,2024-02-26T15:41:33Z,2024-02-26T15:42:11Z,0.028636021100226075,0.76,0.05519244734931009,0.7453363978269953
36,Baseline,up,treebag,2024-02-26T15:42:11Z,2024-02-26T15:42:36Z,0.012987012987012988,0.02,0.015748031496062992,0.5020601755119097
36,Baseline,up,gbm,2024-02-26T15:42:36Z,2024-02-26T15:43:05Z,0.025677603423680456,0.72,0.049586776859504134,0.7172921019640619
36,Baseline,up,ranger,2024-02-26T15:43:05Z,2024-02-26T15:45:47Z,0.03298774740810556,0.7,0.06300630063006302,0.7428123694107814
36,Baseline,up,nnet,2024-02-26T15:45:47Z,2024-02-26T15:46:35Z,0.02629757785467128,0.76,0.050836120401337795,0.7330087755954868
36,Baseline,smote,glm,2024-02-26T15:46:35Z,2024-02-26T15:46:52Z,0.029029793735676088,0.76,0.055923473142016185,0.7472168825741747
36,Baseline,smote,earth,2024-02-26T15:46:53Z,2024-02-26T15:52:40Z,0.030120481927710843,0.4,0.056022408963585436,0.6327204346009194
36,Baseline,smote,pda,2024-02-26T15:52:41Z,2024-02-26T15:53:43Z,0.02817974105102818,0.74,0.05429200293470286,0.7366945256999582
36,Baseline,smote,multinom,2024-02-26T15:53:43Z,2024-02-26T15:54:14Z,0.0290519877675841,0.76,0.055964653902798235,0.747321353949018
36,Baseline,smote,treebag,2024-02-26T15:54:14Z,2024-02-26T15:54:42Z,0.019736842105263157,0.06,0.029702970297029698,0.5144337651483494
36,Baseline,smote,gbm,2024-02-26T15:54:43Z,2024-02-26T15:55:09Z,0.023979261179520414,0.74,0.04645323289391086,0.7126661094860008
36,Baseline,smote,ranger,2024-02-26T15:55:09Z,2024-02-26T15:58:32Z,0.029085872576177285,0.42,0.054404145077720206,0.6367655662348516
36,Baseline,smote,nnet,2024-02-26T15:58:32Z,2024-02-26T15:59:19Z,0.02604920405209841,0.72,0.05027932960893855,0.7193815294609277
36,Baseline,rose,glm,2024-02-26T15:59:19Z,2024-02-26T15:59:35Z,0.0034285714285714284,0.24,0.00676056338028169,0.25560384454659424
36,Baseline,rose,earth,2024-02-26T15:59:35Z,2024-02-26T16:01:09Z,0.03937007874015748,0.5,0.072992700729927,0.6862724613455913
36,Baseline,rose,pda,2024-02-26T16:01:09Z,2024-02-26T16:02:14Z,0.028549962434259956,0.76,0.05503258508327299,0.7449185123276223
36,Baseline,rose,multinom,2024-02-26T16:02:14Z,2024-02-26T16:02:44Z,0.028337061894108874,0.76,0.054636951833213515,0.7438737985791892
36,Baseline,rose,treebag,2024-02-26T16:02:44Z,2024-02-26T16:03:09Z,0.09803921568627451,0.1,0.099009900990099,0.5451943167572085
36,Baseline,rose,gbm,2024-02-26T16:03:10Z,2024-02-26T16:03:36Z,0.046511627906976744,0.4,0.08333333333333333,0.6571667363142499
36,Baseline,rose,ranger,2024-02-26T16:03:36Z,2024-02-26T16:07:52Z,0.03684210526315789,0.28,0.06511627906976744,0.6017634768073548
36,Baseline,rose,nnet,2024-02-26T16:07:53Z,2024-02-26T16:08:39Z,0.04116222760290557,0.34,0.0734341252699784,0.628629335562056
36,All,none,glm,2024-02-26T16:08:39Z,2024-02-26T16:08:57Z,1,0.02,0.0392156862745098,0.51
36,All,none,earth,2024-02-26T16:08:57Z,2024-02-26T16:10:38Z,NA,0,NA,0.5
36,All,none,pda,2024-02-26T16:10:38Z,2024-02-26T16:11:43Z,0.1597222222222222,0.46,0.23711340206185563,0.7173589636439616
36,All,none,multinom,2024-02-26T16:11:43Z,2024-02-26T16:12:15Z,1,0.02,0.0392156862745098,0.51
36,All,none,treebag,2024-02-26T16:12:15Z,2024-02-26T16:12:38Z,0,0,NA,0.4998955286251567
36,All,none,gbm,2024-02-26T16:12:39Z,2024-02-26T16:13:03Z,NA,0,NA,0.5
36,All,none,ranger,2024-02-26T16:13:03Z,2024-02-26T16:15:10Z,NA,0,NA,0.5
36,All,none,nnet,2024-02-26T16:15:10Z,2024-02-26T16:16:02Z,NA,0,NA,0.5
36,All,weighted,glm,2024-02-26T16:16:02Z,2024-02-26T16:16:20Z,0.056878306878306875,0.86,0.10669975186104218,0.8555119097367321
