bootstrap,input_features,variable,coef
31,Baseline,(Intercept),-1.1812949693552954
31,Baseline,DBT1,0.5315216716452553
31,Baseline,DBT99,0.6553843002725506
31,Baseline,WHITE,-0.5136733791419729
31,Baseline,BLACK,0.4526852980695771
31,Baseline,ASIAN,0.15568297320285787
31,Baseline,MIXED,0.46780994157597094
31,Baseline,OTHER_RACE,0.4052778620020701
31,Baseline,SDESCENT,0.7785242955553396
31,Baseline,OVER65,-0.3387374190960982
31,Baseline,LIVESALONE,-0.23938235507001662
31,Baseline,LARGEHOUSE,0.18091689360885832
31,Baseline,POVERTY,0.8013369023212908
31,Baseline,UNEMPLOYED,0.3497542333488801
31,Baseline,HIGHSCHOOL,0.162796683835263
31,Baseline,RENT,0.7546509564286253
31,Baseline,ELPAY,-0.30385307064534517
31,Baseline,NGPAY,-0.11311307240205615
31,Baseline,LPGPAY,0.037136111820220946
31,Baseline,FOPAY,-0.42635204202060184
31,All,(Intercept),-2.0640240802809533
31,All,DBT1,0.4934641173697158
31,All,DBT99,0.3349052574772215
31,All,WHITE,-0.3857728455231644
31,All,BLACK,0.28960462763868144
31,All,ASIAN,0.11914812985511523
31,All,MIXED,0.10691127788289266
31,All,OTHER_RACE,0.5864382747621852
31,All,SDESCENT,0.6511849532302166
31,All,OVER65,-0.09344206625654995
31,All,LIVESALONE,-0.11731227680366137
31,All,LARGEHOUSE,0.24426527451608174
31,All,POVERTY,0.4961317694569865
31,All,UNEMPLOYED,0.2137472697511741
31,All,HIGHSCHOOL,0.07092146182662809
31,All,RENT,0.4846784332485579
31,All,ELPAY,-0.29607066343893607
31,All,NGPAY,-0.04021220102369034
31,All,LPGPAY,-0.2824844773968989
31,All,FOPAY,-0.4531539748321367
31,All,APARTMENT,0.02291805055213257
31,All,MOBILE,0.0827443234308894
31,All,YEARMADERANGE,0.1108227209598289
31,All,THERMALMASS.WALL,0.19268976710416852
31,All,THERMALMASS.ROOF,-0.06895035383713927
31,All,ADQINSUL,-0.39452455871891345
31,All,DRAFTY,1.123057993491703
31,All,WWR,1.6059048471000974
31,All,TYPEGLASS,-0.13838748200100465
31,All,COOLTYPE,-0.3060344629511061
31,All,EQUIPM,0.25505357476255475
31,All,HVAC_OPERATION,1.9525838987026343
31,All,HVAC_MAINTENANCE,1.2867763109568768
31,All,NUMFANS,0.23705697881080615
31,All,OFFGRID,-0.09308112919287488
79,Baseline,(Intercept),-1.2053285954265125
79,Baseline,DBT1,0.10171028811805675
79,Baseline,DBT99,0.8740148761643814
79,Baseline,WHITE,-0.4020473282433956
79,Baseline,BLACK,0.4141312285287037
79,Baseline,ASIAN,0.2614631901551366
79,Baseline,MIXED,0.2312518191334767
79,Baseline,OTHER_RACE,0.18776509689118567
79,Baseline,SDESCENT,0.8385093186310244
79,Baseline,OVER65,-0.3184426364641573
79,Baseline,LIVESALONE,-0.4184864527460877
79,Baseline,LARGEHOUSE,0.32505176779778733
79,Baseline,POVERTY,0.9667969417120614
79,Baseline,UNEMPLOYED,0.4299954036275478
79,Baseline,HIGHSCHOOL,0.18077293711917436
79,Baseline,RENT,0.5774706919922847
79,Baseline,ELPAY,-0.2297199831720431
79,Baseline,NGPAY,-0.17384276445817656
79,Baseline,LPGPAY,-0.2624066008566971
79,Baseline,FOPAY,-0.09469521738071945
79,All,(Intercept),-1.8479527757387142
79,All,DBT1,0.048258074799942055
79,All,DBT99,0.5289101338154761
79,All,WHITE,-0.209390237428918
79,All,BLACK,0.2604834727840219
79,All,ASIAN,0.38157974537195044
79,All,MIXED,0.1289999147932645
79,All,OTHER_RACE,0.05299449520034605
79,All,SDESCENT,0.6990129367862518
79,All,OVER65,-0.11522933262860759
79,All,LIVESALONE,-0.20884090898186308
79,All,LARGEHOUSE,0.37853916132276966
79,All,POVERTY,0.6059340020156918
79,All,UNEMPLOYED,0.2951290551609274
79,All,HIGHSCHOOL,0.08771939697039802
79,All,RENT,0.33356416329915817
79,All,ELPAY,-0.16584841280254753
79,All,NGPAY,-0.06972139930086385
79,All,LPGPAY,-0.3978828192835282
79,All,FOPAY,0.07934750850881866
79,All,APARTMENT,-0.061826986778532905
79,All,MOBILE,-0.01661762108851539
79,All,YEARMADERANGE,-0.11875180585196961
79,All,THERMALMASS.WALL,0.1418997748517009
79,All,THERMALMASS.ROOF,0.05559612563185641
79,All,ADQINSUL,-0.47809116730006784
79,All,DRAFTY,0.9920460469244445
79,All,WWR,-2.846085164624451
79,All,TYPEGLASS,-0.4164009547372034
79,All,COOLTYPE,-0.32865914100348864
79,All,EQUIPM,0.171596591685674
79,All,HVAC_OPERATION,2.158169511910034
79,All,HVAC_MAINTENANCE,1.2580393091738036
79,All,NUMFANS,0.5801216288611933
79,All,OFFGRID,0.07923076949128485
51,Baseline,(Intercept),-1.4444683786562542
51,Baseline,DBT1,0.5098552315866037
51,Baseline,DBT99,0.5373916680874266
51,Baseline,WHITE,-0.3932520728913475
51,Baseline,BLACK,0.3196232122334172
51,Baseline,ASIAN,0.21006882625960818
51,Baseline,MIXED,0.502970370909546
51,Baseline,OTHER_RACE,0.3073918316281676
51,Baseline,SDESCENT,0.7745804607603476
51,Baseline,OVER65,-0.32923340990362604
51,Baseline,LIVESALONE,-0.3216088384653323
51,Baseline,LARGEHOUSE,0.36751867825152656
51,Baseline,POVERTY,0.9399996520791242
51,Baseline,UNEMPLOYED,0.5335338514215227
51,Baseline,HIGHSCHOOL,0.23069608427397031
51,Baseline,RENT,0.7613643421544494
51,Baseline,ELPAY,-0.2790093918262528
51,Baseline,NGPAY,-0.040538359706275
51,Baseline,LPGPAY,-0.15321999099711886
51,Baseline,FOPAY,-0.4332956661733557
51,All,(Intercept),-1.7996583635323071
51,All,DBT1,0.06851848724362974
51,All,DBT99,0.07050231228778667
51,All,WHITE,-0.3458558749440031
51,All,BLACK,0.26482544584884066
51,All,ASIAN,0.350864932077061
51,All,MIXED,0.1631439558972617
51,All,OTHER_RACE,0.5308187618890697
51,All,SDESCENT,0.5871844782749998
51,All,OVER65,-0.18513201526433262
51,All,LIVESALONE,-0.21376801803580156
51,All,LARGEHOUSE,0.3528217314424366
51,All,POVERTY,0.6129746425777175
51,All,UNEMPLOYED,0.4387810317588461
51,All,HIGHSCHOOL,0.0865887282263282
51,All,RENT,0.5125196244923332
51,All,ELPAY,-0.29312116636721386
51,All,NGPAY,-0.04597111645180726
51,All,LPGPAY,-0.4724086895536983
51,All,FOPAY,-0.29929514521599393
51,All,APARTMENT,0.018740254541292797
51,All,MOBILE,0.276195006890549
51,All,YEARMADERANGE,0.1291418018181284
51,All,THERMALMASS.WALL,0.22310875755496645
51,All,THERMALMASS.ROOF,0.00437664527425146
51,All,ADQINSUL,-0.3271583219447366
51,All,DRAFTY,0.960088929298267
51,All,WWR,2.102616811321003
51,All,TYPEGLASS,-0.20172400373986873
51,All,COOLTYPE,-0.24218454352491858
51,All,EQUIPM,0.02975594030654652
51,All,HVAC_OPERATION,2.045128563689083
51,All,HVAC_MAINTENANCE,1.308392419795604
51,All,NUMFANS,0.2780093220811704
51,All,OFFGRID,-0.1687673422492259
14,Baseline,(Intercept),-0.7407567396047061
14,Baseline,DBT1,-0.3094993221626189
14,Baseline,DBT99,0.5167447201246095
14,Baseline,WHITE,-0.4282678478568735
14,Baseline,BLACK,0.3564310144406503
14,Baseline,ASIAN,0.31114880174332377
14,Baseline,MIXED,0.40960598847451396
14,Baseline,OTHER_RACE,0.23693134154740159
14,Baseline,SDESCENT,0.7298045290648932
14,Baseline,OVER65,-0.29394973699315763
14,Baseline,LIVESALONE,-0.2568518155705372
14,Baseline,LARGEHOUSE,0.37649425822254934
14,Baseline,POVERTY,0.9836415494026116
14,Baseline,UNEMPLOYED,0.31139265793018023
14,Baseline,HIGHSCHOOL,0.20655552032733202
14,Baseline,RENT,0.600764865582819
14,Baseline,ELPAY,-0.1817318968649528
14,Baseline,NGPAY,-0.13664025765753612
14,Baseline,LPGPAY,-0.2509770006708404
14,Baseline,FOPAY,-0.5810804840367404
14,All,(Intercept),-1.41117761549089
14,All,DBT1,-0.37098298465773033
14,All,DBT99,0.12164682292619916
14,All,WHITE,-0.3129171860991637
14,All,BLACK,0.2443027561118374
14,All,ASIAN,0.45746575123532757
14,All,MIXED,0.16750923729958808
14,All,OTHER_RACE,0.32043715866217787
14,All,SDESCENT,0.5112135018421433
14,All,OVER65,-0.0903048044829062
14,All,LIVESALONE,-0.06266721761836734
14,All,LARGEHOUSE,0.2561353728229122
14,All,POVERTY,0.6525012863215557
14,All,UNEMPLOYED,0.25062831239345384
14,All,HIGHSCHOOL,0.12409570392352771
14,All,RENT,0.28887706662719514
14,All,ELPAY,-0.25085266625497304
14,All,NGPAY,-0.06978742950800171
14,All,LPGPAY,-0.44764098056205676
14,All,FOPAY,-0.3227675712114796
14,All,APARTMENT,0.13028155550052653
14,All,MOBILE,0.10988005924584028
14,All,YEARMADERANGE,0.18902513138016
14,All,THERMALMASS.WALL,0.29243604953772906
14,All,THERMALMASS.ROOF,-0.036121019729781
14,All,ADQINSUL,-0.4511499947603727
14,All,DRAFTY,1.0182548536909335
14,All,WWR,0.7355371760732314
14,All,TYPEGLASS,-0.23861798747591428
14,All,COOLTYPE,-0.19523594135353595
14,All,EQUIPM,-0.019377279606575367
14,All,HVAC_OPERATION,2.0624064838817544
14,All,HVAC_MAINTENANCE,1.2743431483100707
14,All,NUMFANS,0.5643441074302922
14,All,OFFGRID,-0.1317213784318641
67,Baseline,(Intercept),-1.5783872275135138
67,Baseline,DBT1,0.3299749391538727
67,Baseline,DBT99,0.9802933651941044
67,Baseline,WHITE,-0.39259877657652725
67,Baseline,BLACK,0.4831983508383797
67,Baseline,ASIAN,0.08988430923880829
67,Baseline,MIXED,0.3451905556026209
67,Baseline,OTHER_RACE,0.3487031475606557
67,Baseline,SDESCENT,0.7517279058651408
67,Baseline,OVER65,-0.34239283455600045
67,Baseline,LIVESALONE,-0.28232886378275734
67,Baseline,LARGEHOUSE,0.47272165500751007
67,Baseline,POVERTY,0.9104925057207066
67,Baseline,UNEMPLOYED,0.5306111565459313
67,Baseline,HIGHSCHOOL,0.3078879745786894
67,Baseline,RENT,0.6729236365398987
67,Baseline,ELPAY,-0.25601240402203296
67,Baseline,NGPAY,-0.08039761904907855
67,Baseline,LPGPAY,-0.06201982043098357
67,Baseline,FOPAY,-0.3507039045472603
67,All,(Intercept),-1.662076661843384
67,All,DBT1,0.06144960690847289
67,All,DBT99,0.42828981989927634
67,All,WHITE,-0.2799353968237809
67,All,BLACK,0.2860963816566677
67,All,ASIAN,0.29395811234888347
67,All,MIXED,0.09286202822239797
67,All,OTHER_RACE,0.38606500999597015
67,All,SDESCENT,0.6585415709443236
67,All,OVER65,-0.11954394332479508
67,All,LIVESALONE,-0.17494462147635725
67,All,LARGEHOUSE,0.2802901789250124
67,All,POVERTY,0.6004043326176822
67,All,UNEMPLOYED,0.2955948254844703
67,All,HIGHSCHOOL,0.213810238598856
67,All,RENT,0.33972362502492814
67,All,ELPAY,-0.22748608098725326
67,All,NGPAY,-0.06307682298769259
67,All,LPGPAY,-0.25777477593439435
67,All,FOPAY,-0.27112340742778274
67,All,APARTMENT,0.11520532296251496
67,All,MOBILE,0.09899439300727274
67,All,YEARMADERANGE,0.03811840156384253
67,All,THERMALMASS.WALL,0.049469211747231415
67,All,THERMALMASS.ROOF,-0.07067058125228366
67,All,ADQINSUL,-0.3237853696079442
67,All,DRAFTY,0.8450724662685801
67,All,WWR,0.38281310015758707
67,All,TYPEGLASS,-0.2608437710625208
67,All,COOLTYPE,-0.37689769648844945
67,All,EQUIPM,-0.022027772665834177
67,All,HVAC_OPERATION,1.9846825689434018
67,All,HVAC_MAINTENANCE,1.302395189491465
67,All,NUMFANS,0.17013079590638241
67,All,OFFGRID,-0.1082685831549751
42,Baseline,(Intercept),-1.036331608668734
42,Baseline,DBT1,0.5167269074997722
42,Baseline,DBT99,0.29636474427646753
42,Baseline,WHITE,-0.48028587147465723
42,Baseline,BLACK,0.3763698313769457
42,Baseline,ASIAN,0.19851615413333326
42,Baseline,MIXED,0.5544271707769668
42,Baseline,OTHER_RACE,0.3441520855885718
42,Baseline,SDESCENT,0.6461576165756315
42,Baseline,OVER65,-0.36335545007081255
42,Baseline,LIVESALONE,-0.5017212488354815
42,Baseline,LARGEHOUSE,0.28008879621088506
42,Baseline,POVERTY,0.8435269071566606
42,Baseline,UNEMPLOYED,0.4148807703857461
42,Baseline,HIGHSCHOOL,0.320302339490046
42,Baseline,RENT,0.7029087653849676
42,Baseline,ELPAY,-0.24761352167176803
42,Baseline,NGPAY,-0.08958330717064206
42,Baseline,LPGPAY,-0.19197039998981238
42,Baseline,FOPAY,-0.1808582804084278
42,All,(Intercept),-1.1715456657310144
42,All,DBT1,0.25865586348689795
42,All,DBT99,-0.2626027798230349
42,All,WHITE,-0.32834808138538196
42,All,BLACK,0.11905954643797922
42,All,ASIAN,0.27387169859645777
42,All,MIXED,0.25843416151157783
42,All,OTHER_RACE,0.4356894802749377
42,All,SDESCENT,0.46342539956088996
42,All,OVER65,-0.16661957993393225
42,All,LIVESALONE,-0.29758769234498
42,All,LARGEHOUSE,0.2733579417601419
42,All,POVERTY,0.48752034751037143
42,All,UNEMPLOYED,0.23162345086922262
42,All,HIGHSCHOOL,0.25785008120904
42,All,RENT,0.5085785621623332
42,All,ELPAY,-0.34145008580870795
42,All,NGPAY,-0.11034580362684628
42,All,LPGPAY,-0.37208372283958313
42,All,FOPAY,-0.19233621961001768
42,All,APARTMENT,0.013361372792602208
42,All,MOBILE,-0.10527233432562778
42,All,YEARMADERANGE,-0.04350492913660283
42,All,THERMALMASS.WALL,0.3592816586771557
42,All,THERMALMASS.ROOF,0.0047021305690673485
42,All,ADQINSUL,-0.35548449746627764
42,All,DRAFTY,0.9246975421061191
42,All,WWR,0.9851600276481142
42,All,TYPEGLASS,-0.41871056302851284
42,All,COOLTYPE,-0.23169627692475497
42,All,EQUIPM,-0.039388164722836835
42,All,HVAC_OPERATION,1.9985158204622748
42,All,HVAC_MAINTENANCE,1.2626806143772327
42,All,NUMFANS,0.4262535104259827
42,All,OFFGRID,-0.07958422165193141
50,Baseline,(Intercept),-1.1796724089152755
50,Baseline,DBT1,0.07641922640684316
50,Baseline,DBT99,0.7471049084494032
50,Baseline,WHITE,-0.44528260651698637
50,Baseline,BLACK,0.48663445358845836
50,Baseline,ASIAN,0.08589949780075441
50,Baseline,MIXED,0.3800822166334468
50,Baseline,OTHER_RACE,0.30854696059987663
50,Baseline,SDESCENT,0.7544213914871126
50,Baseline,OVER65,-0.32628459514225494
50,Baseline,LIVESALONE,-0.24553983944986796
50,Baseline,LARGEHOUSE,0.37215768961073087
50,Baseline,POVERTY,0.8557047689268494
50,Baseline,UNEMPLOYED,0.4182592975416489
50,Baseline,HIGHSCHOOL,0.1964793268916785
50,Baseline,RENT,0.5985538747191318
50,Baseline,ELPAY,-0.1569505637316508
50,Baseline,NGPAY,-0.07051298957656381
50,Baseline,LPGPAY,-0.14075494012184847
50,Baseline,FOPAY,-0.09538400753775139
50,All,(Intercept),-1.5703824369407973
50,All,DBT1,-0.04155659849553525
50,All,DBT99,0.027692492163087702
50,All,WHITE,-0.3447566790947053
50,All,BLACK,0.23427370317560142
50,All,ASIAN,0.3319676792670997
50,All,MIXED,0.21933685326734323
50,All,OTHER_RACE,0.19288051020764904
50,All,SDESCENT,0.6236765911106107
50,All,OVER65,-0.11380186318618273
50,All,LIVESALONE,-0.04357208646984658
50,All,LARGEHOUSE,0.2891058997940612
50,All,POVERTY,0.5236742394784795
50,All,UNEMPLOYED,0.31565000233327084
50,All,HIGHSCHOOL,0.14228529796716663
50,All,RENT,0.43634667822148476
50,All,ELPAY,-0.19249483140487605
50,All,NGPAY,-0.029683635961359096
50,All,LPGPAY,-0.3507477941981193
50,All,FOPAY,-0.022525859598397074
50,All,APARTMENT,-0.09675914477520979
50,All,MOBILE,0.038166449610822724
50,All,YEARMADERANGE,0.08847501745172058
50,All,THERMALMASS.WALL,0.3263708961054985
50,All,THERMALMASS.ROOF,-0.04249955679477396
50,All,ADQINSUL,-0.2735701369605684
50,All,DRAFTY,0.8505774603249521
50,All,WWR,1.1557551882648862
50,All,TYPEGLASS,-0.31502757293842404
50,All,COOLTYPE,-0.2230378889988624
50,All,EQUIPM,0.02083607488407112
50,All,HVAC_OPERATION,1.9642035003888156
50,All,HVAC_MAINTENANCE,1.2232501106034566
50,All,NUMFANS,0.3746089164682086
50,All,OFFGRID,-0.01047227202038811
43,Baseline,(Intercept),-1.368845451952155
43,Baseline,DBT1,0.9411632737888781
43,Baseline,DBT99,0.45323974556850366
43,Baseline,WHITE,-0.46516825168239434
43,Baseline,BLACK,0.42394852719139786
43,Baseline,ASIAN,0.2881529359176459
43,Baseline,MIXED,0.3605166536244901
43,Baseline,OTHER_RACE,0.16406818696794176
43,Baseline,SDESCENT,0.7752031541290292
43,Baseline,OVER65,-0.3214413349496206
43,Baseline,LIVESALONE,-0.3063570983006898
43,Baseline,LARGEHOUSE,0.3346919374227499
43,Baseline,POVERTY,0.809887274566003
43,Baseline,UNEMPLOYED,0.37656326912155197
43,Baseline,HIGHSCHOOL,0.16992962793906102
43,Baseline,RENT,0.6635679291059812
43,Baseline,ELPAY,-0.22967884765234814
43,Baseline,NGPAY,-0.12655086149099287
43,Baseline,LPGPAY,-0.19367304052989945
43,Baseline,FOPAY,-0.07160029390107155
43,All,(Intercept),-1.8398098022204217
43,All,DBT1,0.715301036021723
43,All,DBT99,-0.0777169926213255
43,All,WHITE,-0.29657460504662553
43,All,BLACK,0.2800134378010106
43,All,ASIAN,0.32340275342948427
43,All,MIXED,0.28794792765069155
43,All,OTHER_RACE,0.2155344420698581
43,All,SDESCENT,0.5561104151196402
43,All,OVER65,-0.042091935033300255
43,All,LIVESALONE,-0.1351502543021884
43,All,LARGEHOUSE,0.27118286713053996
43,All,POVERTY,0.4902378044326589
43,All,UNEMPLOYED,0.23326722691137544
43,All,HIGHSCHOOL,0.09810013550044883
43,All,RENT,0.4312369846209182
43,All,ELPAY,-0.26819504659626786
43,All,NGPAY,-0.04103381480625661
43,All,LPGPAY,-0.4847699887562157
43,All,FOPAY,0.12665730103128622
43,All,APARTMENT,0.1536378501295791
43,All,MOBILE,0.13721757341699636
43,All,YEARMADERANGE,0.015823220451494018
43,All,THERMALMASS.WALL,0.0802124051111675
43,All,THERMALMASS.ROOF,-0.041206520466605834
43,All,ADQINSUL,-0.48526086116692746
43,All,DRAFTY,1.0555366395364112
43,All,WWR,0.884702006141929
43,All,TYPEGLASS,-0.22934828784175387
43,All,COOLTYPE,-0.21575246513037646
43,All,EQUIPM,0.04376383197987923
43,All,HVAC_OPERATION,2.0136655194421187
43,All,HVAC_MAINTENANCE,1.3107332311614182
43,All,NUMFANS,0.28983950717014606
43,All,OFFGRID,-0.15101433973252187
97,Baseline,(Intercept),-0.9799170595429544
97,Baseline,DBT1,0.27830892599253887
97,Baseline,DBT99,0.5060833083015587
97,Baseline,WHITE,-0.45795057377740134
97,Baseline,BLACK,0.470954258029257
97,Baseline,ASIAN,0.1928343978348247
97,Baseline,MIXED,0.5018418497835864
97,Baseline,OTHER_RACE,0.13267370340962387
97,Baseline,SDESCENT,0.690761945882624
97,Baseline,OVER65,-0.34649232821774917
97,Baseline,LIVESALONE,-0.24418825151985904
97,Baseline,LARGEHOUSE,0.3929897894913112
97,Baseline,POVERTY,0.8153124427436029
97,Baseline,UNEMPLOYED,0.33389068292248647
97,Baseline,HIGHSCHOOL,0.18847569755524635
97,Baseline,RENT,0.6385593133850892
97,Baseline,ELPAY,-0.22846369708957695
97,Baseline,NGPAY,-0.09830146714973942
97,Baseline,LPGPAY,-0.12882707067141005
97,Baseline,FOPAY,-0.19036682213897999
97,All,(Intercept),-1.7119499147658355
97,All,DBT1,0.2860455014391092
97,All,DBT99,0.11636895897822817
97,All,WHITE,-0.29368751401834786
97,All,BLACK,0.25653119962239784
97,All,ASIAN,0.2926483352051012
97,All,MIXED,0.2542682568505614
97,All,OTHER_RACE,0.4261952434460438
97,All,SDESCENT,0.5135760104301262
97,All,OVER65,-0.11762463767412544
97,All,LIVESALONE,-0.101944697546449
97,All,LARGEHOUSE,0.1893058466258983
97,All,POVERTY,0.4475850504316558
97,All,UNEMPLOYED,0.2356299468908374
97,All,HIGHSCHOOL,0.13755457240099928
97,All,RENT,0.37081776019604484
97,All,ELPAY,-0.13976571921025097
97,All,NGPAY,-0.05565300294130278
97,All,LPGPAY,-0.5315721905318059
97,All,FOPAY,-0.15332393457945076
97,All,APARTMENT,0.06504832021037361
97,All,MOBILE,0.04536541315870707
97,All,YEARMADERANGE,-0.06125254742048731
97,All,THERMALMASS.WALL,0.1283837833256917
97,All,THERMALMASS.ROOF,-0.045799423629316
97,All,ADQINSUL,-0.3078816577858958
97,All,DRAFTY,0.8717954638026865
97,All,WWR,1.068773768554564
97,All,TYPEGLASS,-0.21491343349036932
97,All,COOLTYPE,-0.23433180738245893
97,All,EQUIPM,0.046670312177072494
97,All,HVAC_OPERATION,2.0942582330599526
97,All,HVAC_MAINTENANCE,1.347371096113324
97,All,NUMFANS,0.07093736441158575
97,All,OFFGRID,-0.022879770252660095
25,Baseline,(Intercept),-0.9647739021911413
25,Baseline,DBT1,0.04385434946762457
25,Baseline,DBT99,0.20966482055930027
25,Baseline,WHITE,-0.37356809342545727
25,Baseline,BLACK,0.4847748714715365
25,Baseline,ASIAN,-0.04517699311702656
25,Baseline,MIXED,0.4578842381600983
25,Baseline,OTHER_RACE,0.23587150225892076
25,Baseline,SDESCENT,0.816215269160159
25,Baseline,OVER65,-0.27022911136144095
25,Baseline,LIVESALONE,-0.2749668630031404
25,Baseline,LARGEHOUSE,0.36352442070388324
25,Baseline,POVERTY,0.9304430682201642
25,Baseline,UNEMPLOYED,0.4764272417625158
25,Baseline,HIGHSCHOOL,0.1537685675727401
25,Baseline,RENT,0.7039660860247209
25,Baseline,ELPAY,-0.23591111459947312
25,Baseline,NGPAY,-0.10981439409319119
25,Baseline,LPGPAY,0.02809958760200107
25,Baseline,FOPAY,-0.2671215345347051
25,All,(Intercept),-1.5464690885651038
25,All,DBT1,0.3398027758671926
25,All,DBT99,-0.5949926115104307
25,All,WHITE,-0.20684197628617054
25,All,BLACK,0.15837283207472808
25,All,ASIAN,0.2776293970714301
25,All,MIXED,0.15520571485896398
25,All,OTHER_RACE,0.5085001356780589
25,All,SDESCENT,0.645700366754759
25,All,OVER65,-0.09395694268548405
25,All,LIVESALONE,-0.10168094961791392
25,All,LARGEHOUSE,0.3820353805184128
25,All,POVERTY,0.640519993345881
25,All,UNEMPLOYED,0.36658117128104156
25,All,HIGHSCHOOL,0.12469208549611495
25,All,RENT,0.46468806806011087
25,All,ELPAY,-0.34238893677172433
25,All,NGPAY,-0.04371043499124394
25,All,LPGPAY,-0.2348950016628289
25,All,FOPAY,-0.07879828798383405
25,All,APARTMENT,0.04775632341533358
25,All,MOBILE,0.11328942760696296
25,All,YEARMADERANGE,0.10203736012041369
25,All,THERMALMASS.WALL,0.1515577635786297
25,All,THERMALMASS.ROOF,-0.06410744736317604
25,All,ADQINSUL,-0.3401262536428683
25,All,DRAFTY,0.9158642788052747
25,All,WWR,1.2765092627354033
25,All,TYPEGLASS,-0.3908431717781745
25,All,COOLTYPE,-0.2051325056240492
25,All,EQUIPM,-0.061125842574233244
25,All,HVAC_OPERATION,2.1852240311088114
25,All,HVAC_MAINTENANCE,1.255946443822153
25,All,NUMFANS,0.22754906705443836
25,All,OFFGRID,-0.03298997094269277
90,Baseline,(Intercept),-1.5667186299868732
90,Baseline,DBT1,0.7001988647217576
90,Baseline,DBT99,0.9319033762473055
90,Baseline,WHITE,-0.4363644539254353
90,Baseline,BLACK,0.5163132122858273
90,Baseline,ASIAN,-0.23945734852593056
90,Baseline,MIXED,0.44733210881619917
90,Baseline,OTHER_RACE,0.34131139912822045
90,Baseline,SDESCENT,0.8285453861124781
90,Baseline,OVER65,-0.36856149009195155
90,Baseline,LIVESALONE,-0.24630225216702697
90,Baseline,LARGEHOUSE,0.3179133687978018
90,Baseline,POVERTY,0.7658444149685426
90,Baseline,UNEMPLOYED,0.3661892986013598
90,Baseline,HIGHSCHOOL,0.19153591716832025
90,Baseline,RENT,0.6279419321673633
90,Baseline,ELPAY,-0.15082096478233117
90,Baseline,NGPAY,-0.12159274460465473
90,Baseline,LPGPAY,-0.1527994318351848
90,Baseline,FOPAY,0.010050141256420137
90,All,(Intercept),-2.6783676488337496
90,All,DBT1,0.6013431333807308
90,All,DBT99,0.5065407838536877
90,All,WHITE,-0.2412038378614427
90,All,BLACK,0.37075602237101934
90,All,ASIAN,-0.03989933543882779
90,All,MIXED,0.3545084257872666
90,All,OTHER_RACE,0.4517933174654672
90,All,SDESCENT,0.7141288433316096
90,All,OVER65,-0.22503673785089143
90,All,LIVESALONE,-0.04659704454101546
90,All,LARGEHOUSE,0.24314161605282184
90,All,POVERTY,0.47570635879773726
90,All,UNEMPLOYED,0.28058440394971074
90,All,HIGHSCHOOL,0.1696782458707499
90,All,RENT,0.3938200292496806
90,All,ELPAY,-0.10159094264245938
90,All,NGPAY,-0.058624323567765854
90,All,LPGPAY,-0.4380837680399058
90,All,FOPAY,0.1850542637054241
90,All,APARTMENT,-0.0027883898409830385
90,All,MOBILE,0.23859710675313614
90,All,YEARMADERANGE,0.08888464572195538
90,All,THERMALMASS.WALL,0.3837189589508188
90,All,THERMALMASS.ROOF,9.872283920321192e-5
90,All,ADQINSUL,-0.3442859647078914
90,All,DRAFTY,1.059829995264655
90,All,WWR,-2.225111098498397
90,All,TYPEGLASS,-0.22124834976339222
90,All,COOLTYPE,-0.27488543774776
90,All,EQUIPM,0.34475660634332417
90,All,HVAC_OPERATION,2.163851132220199
90,All,HVAC_MAINTENANCE,1.4211643579026323
90,All,NUMFANS,0.1807613092125362
90,All,OFFGRID,0.07345974093504809
69,Baseline,(Intercept),-1.3845099155340657
69,Baseline,DBT1,0.7974733327685734
69,Baseline,DBT99,0.32133730953751666
69,Baseline,WHITE,-0.48498029800615566
69,Baseline,BLACK,0.46232023228458197
69,Baseline,ASIAN,-0.07157174946335061
69,Baseline,MIXED,0.5434002028257038
69,Baseline,OTHER_RACE,0.20533189645777072
69,Baseline,SDESCENT,0.799227558500712
69,Baseline,OVER65,-0.18081205126107514
69,Baseline,LIVESALONE,-0.28760952528829903
69,Baseline,LARGEHOUSE,0.3100257168723644
69,Baseline,POVERTY,0.8634987278491224
69,Baseline,UNEMPLOYED,0.34776261930936075
69,Baseline,HIGHSCHOOL,0.34757205497002575
69,Baseline,RENT,0.6432011868250972
69,Baseline,ELPAY,-0.20442678097111744
69,Baseline,NGPAY,-0.04061271824618057
69,Baseline,LPGPAY,-0.11344744985891762
69,Baseline,FOPAY,-0.2149749481046539
69,All,(Intercept),-1.6490509606520598
69,All,DBT1,0.3284634495977404
69,All,DBT99,-0.41294700919382193
69,All,WHITE,-0.3717348505060332
69,All,BLACK,0.31322067404999693
69,All,ASIAN,0.07905554446104153
69,All,MIXED,0.38155303609988994
69,All,OTHER_RACE,0.40956677352574666
69,All,SDESCENT,0.7063417566695575
69,All,OVER65,0.07350351380633573
69,All,LIVESALONE,-0.18281624635071514
69,All,LARGEHOUSE,-0.19561822788518937
69,All,POVERTY,0.5460110759075564
69,All,UNEMPLOYED,0.28183147404304204
69,All,HIGHSCHOOL,0.23209583918234902
69,All,RENT,0.42013958299821363
69,All,ELPAY,-0.20219341106668112
69,All,NGPAY,-0.040111425938076296
69,All,LPGPAY,-0.4223247681481716
69,All,FOPAY,-0.1224803331354182
69,All,APARTMENT,0.11009644331852918
69,All,MOBILE,0.10562945588745944
69,All,YEARMADERANGE,0.179101810072513
69,All,THERMALMASS.WALL,0.1858496890692514
69,All,THERMALMASS.ROOF,-0.007062794651147869
69,All,ADQINSUL,-0.5288010655712975
69,All,DRAFTY,1.024574628644167
69,All,WWR,-0.3607134302680806
69,All,TYPEGLASS,-0.25921307516378705
69,All,COOLTYPE,-0.1640965154021493
69,All,EQUIPM,0.05009866076569301
69,All,HVAC_OPERATION,2.0136242633812103
69,All,HVAC_MAINTENANCE,1.3520668273161145
69,All,NUMFANS,0.5477986023403809
69,All,OFFGRID,-0.18656298780424344
57,Baseline,(Intercept),-0.8849130648387009
57,Baseline,DBT1,0.328563995216145
57,Baseline,DBT99,0.5171752916139679
57,Baseline,WHITE,-0.492051933627899
57,Baseline,BLACK,0.45761434126911726
57,Baseline,ASIAN,0.13299547254205504
57,Baseline,MIXED,0.3038812978052569
57,Baseline,OTHER_RACE,0.23835058856571562
57,Baseline,SDESCENT,0.707630923465635
57,Baseline,OVER65,-0.4142378180926597
57,Baseline,LIVESALONE,-0.34907251991333693
57,Baseline,LARGEHOUSE,0.3946856748478424
57,Baseline,POVERTY,0.7929830053473044
57,Baseline,UNEMPLOYED,0.3972563644577283
57,Baseline,HIGHSCHOOL,0.15178142371067482
57,Baseline,RENT,0.5848899401703788
57,Baseline,ELPAY,-0.2213464858580834
57,Baseline,NGPAY,-0.224850130557608
57,Baseline,LPGPAY,-0.12019432980424118
57,Baseline,FOPAY,-0.14056777546467267
57,All,(Intercept),-1.6474175134344387
57,All,DBT1,0.04439136848876569
57,All,DBT99,0.19956696660231643
57,All,WHITE,-0.331989366563125
57,All,BLACK,0.3759443743491295
57,All,ASIAN,0.3801358744389434
57,All,MIXED,0.07450757523132899
57,All,OTHER_RACE,0.2838446270124827
57,All,SDESCENT,0.520110320029607
57,All,OVER65,-0.23911692705296647
57,All,LIVESALONE,-0.16242402073499862
57,All,LARGEHOUSE,0.254757134728291
57,All,POVERTY,0.5112960093277186
57,All,UNEMPLOYED,0.29101037556408527
57,All,HIGHSCHOOL,0.042048117673489815
57,All,RENT,0.370096319434398
57,All,ELPAY,-0.21516861014238634
57,All,NGPAY,-0.12711746275413882
57,All,LPGPAY,-0.3435038998137889
57,All,FOPAY,0.03129598495106563
57,All,APARTMENT,0.14472272569789577
57,All,MOBILE,0.16836917534937124
57,All,YEARMADERANGE,0.011772053311500828
57,All,THERMALMASS.WALL,0.18541969274225034
57,All,THERMALMASS.ROOF,-0.05360115757809845
57,All,ADQINSUL,-0.37977471180413935
57,All,DRAFTY,0.9789846095981908
57,All,WWR,1.0003018756858009
57,All,TYPEGLASS,-0.14448532204779604
57,All,COOLTYPE,-0.19982564709210274
57,All,EQUIPM,0.11703708378705897
57,All,HVAC_OPERATION,1.9653477676862348
57,All,HVAC_MAINTENANCE,1.2762975787740949
57,All,NUMFANS,0.4483993162012031
57,All,OFFGRID,-0.05551149160528461
9,Baseline,(Intercept),-1.262477582103035
9,Baseline,DBT1,0.35726351036392945
9,Baseline,DBT99,0.5909968919705145
9,Baseline,WHITE,-0.4982134790243904
9,Baseline,BLACK,0.48873157912413584
9,Baseline,ASIAN,0.22431125925458534
9,Baseline,MIXED,0.26256727033764526
9,Baseline,OTHER_RACE,0.46217403718191125
9,Baseline,SDESCENT,0.7282103576215864
9,Baseline,OVER65,-0.3653373232246263
9,Baseline,LIVESALONE,-0.33262650770286184
9,Baseline,LARGEHOUSE,0.24786295474671
9,Baseline,POVERTY,0.9062390352536696
9,Baseline,UNEMPLOYED,0.4220936832675184
9,Baseline,HIGHSCHOOL,0.2524007658893684
9,Baseline,RENT,0.6245348910946202
9,Baseline,ELPAY,-0.1259749026263132
9,Baseline,NGPAY,-0.14374673114692466
9,Baseline,LPGPAY,0.09043475867303567
9,Baseline,FOPAY,-0.35591612526039496
9,All,(Intercept),-1.276790574809756
9,All,DBT1,-0.05570173717435144
9,All,DBT99,0.043167329510764865
9,All,WHITE,-0.3698594942013117
9,All,BLACK,0.24271487970875164
9,All,ASIAN,0.35543199684692783
9,All,MIXED,0.033875207081588934
9,All,OTHER_RACE,0.565816418686203
9,All,SDESCENT,0.5336140543489919
9,All,OVER65,-0.17618805181506614
9,All,LIVESALONE,-0.1183937319652035
9,All,LARGEHOUSE,0.16646847499453465
9,All,POVERTY,0.5822790303986537
9,All,UNEMPLOYED,0.2718244230230422
9,All,HIGHSCHOOL,0.15564689977828935
9,All,RENT,0.3587181098557494
9,All,ELPAY,-0.2390270515899289
9,All,NGPAY,-0.08473290440542008
9,All,LPGPAY,-0.3186216550013293
9,All,FOPAY,-0.43057026222093187
9,All,APARTMENT,-0.0752177914415022
9,All,MOBILE,0.09318221214069136
9,All,YEARMADERANGE,-0.12338310388953777
9,All,THERMALMASS.WALL,0.17545439896020906
9,All,THERMALMASS.ROOF,-0.09327012189608912
9,All,ADQINSUL,-0.20424603362854357
9,All,DRAFTY,0.9473654972568564
9,All,WWR,1.0838157799949826
9,All,TYPEGLASS,-0.2606458971243156
9,All,COOLTYPE,-0.34949591419867615
9,All,EQUIPM,0.009034080254285901
9,All,HVAC_OPERATION,1.9791723340531278
9,All,HVAC_MAINTENANCE,1.251276034239822
9,All,NUMFANS,0.2546835944332762
9,All,OFFGRID,-0.06613203349004412
72,Baseline,(Intercept),-1.6330622306638891
72,Baseline,DBT1,0.6469293826590584
72,Baseline,DBT99,0.5486169689095416
72,Baseline,WHITE,-0.4693555846648599
72,Baseline,BLACK,0.509726047178603
72,Baseline,ASIAN,0.12453694842799727
72,Baseline,MIXED,0.32861396945977556
72,Baseline,OTHER_RACE,0.26789202062417483
72,Baseline,SDESCENT,0.8134539230819259
72,Baseline,OVER65,-0.32757305056131497
72,Baseline,LIVESALONE,-0.3591702185762579
72,Baseline,LARGEHOUSE,0.3629183559935484
72,Baseline,POVERTY,0.9057036327442615
72,Baseline,UNEMPLOYED,0.4387941761083329
72,Baseline,HIGHSCHOOL,0.2934809756137389
72,Baseline,RENT,0.6910983316089614
72,Baseline,ELPAY,-0.014437927529475661
72,Baseline,NGPAY,-0.15292304441372218
72,Baseline,LPGPAY,0.03593255422547306
72,Baseline,FOPAY,-0.2001309298514662
72,All,(Intercept),-2.226572644140032
72,All,DBT1,0.3382085472990827
72,All,DBT99,0.08763666658666852
72,All,WHITE,-0.33371082348037295
72,All,BLACK,0.33356994195251904
72,All,ASIAN,0.17099184701146822
72,All,MIXED,0.10549347375147611
72,All,OTHER_RACE,0.4640936049172381
72,All,SDESCENT,0.7086438863412013
72,All,OVER65,-0.11103693476207614
72,All,LIVESALONE,-0.15473372616156292
72,All,LARGEHOUSE,0.20268325916893207
72,All,POVERTY,0.5903655268979703
72,All,UNEMPLOYED,0.3255169560429752
72,All,HIGHSCHOOL,0.15719297255302883
72,All,RENT,0.444872957184654
72,All,ELPAY,-0.04393815614128613
72,All,NGPAY,-0.10318684206593261
72,All,LPGPAY,-0.23775991520896567
72,All,FOPAY,-0.25804594706774553
72,All,APARTMENT,0.07056842459788172
72,All,MOBILE,0.12671831894735266
72,All,YEARMADERANGE,0.026718985274326326
72,All,THERMALMASS.WALL,0.39120133044036426
72,All,THERMALMASS.ROOF,-0.08097993740331859
72,All,ADQINSUL,-0.3771815316143774
72,All,DRAFTY,1.0357676752644924
72,All,WWR,0.3756377726813898
72,All,TYPEGLASS,-0.021482708313066402
72,All,COOLTYPE,-0.2917427713356853
72,All,EQUIPM,0.2471835360230182
72,All,HVAC_OPERATION,1.9601170090129199
72,All,HVAC_MAINTENANCE,1.2518415007806418
72,All,NUMFANS,0.3235928838240822
72,All,OFFGRID,-0.06213826236479322
26,Baseline,(Intercept),-1.2456640778920969
26,Baseline,DBT1,0.7926617951342733
26,Baseline,DBT99,0.41395797862310674
26,Baseline,WHITE,-0.3838123915174378
26,Baseline,BLACK,0.5139806342964086
26,Baseline,ASIAN,0.1498171141960978
26,Baseline,MIXED,0.3579602237868647
26,Baseline,OTHER_RACE,0.07374513982439641
26,Baseline,SDESCENT,0.6723225084724126
26,Baseline,OVER65,-0.3567861755355792
26,Baseline,LIVESALONE,-0.3535969299105411
26,Baseline,LARGEHOUSE,0.3715961429601725
26,Baseline,POVERTY,0.7884546521454245
26,Baseline,UNEMPLOYED,0.4700716258959391
26,Baseline,HIGHSCHOOL,0.2857539863075021
26,Baseline,RENT,0.5959017226504952
26,Baseline,ELPAY,-0.31857633203855457
26,Baseline,NGPAY,-0.1088702079166642
26,Baseline,LPGPAY,-0.15171717683065344
26,Baseline,FOPAY,-0.19101419285441135
26,All,(Intercept),-1.692849949065446
26,All,DBT1,0.4818680998411171
26,All,DBT99,-0.14839630338992763
26,All,WHITE,-0.2849512956311676
26,All,BLACK,0.3192737266791172
26,All,ASIAN,0.19565157041957076
26,All,MIXED,-0.23543291828651208
26,All,OTHER_RACE,0.009021383693343741
26,All,SDESCENT,0.634239570034585
26,All,OVER65,-0.1894557203759754
26,All,LIVESALONE,-0.1448957815732333
26,All,LARGEHOUSE,0.1863425201099144
26,All,POVERTY,0.4770528208078798
26,All,UNEMPLOYED,0.3331587502773733
26,All,HIGHSCHOOL,0.2030481704468058
26,All,RENT,0.3668391809524279
26,All,ELPAY,-0.2509250401109025
26,All,NGPAY,-0.08271052861418099
26,All,LPGPAY,-0.37638231413199996
26,All,FOPAY,-0.13585648813633552
26,All,APARTMENT,0.1066456373517475
26,All,MOBILE,6.228053189679133e-4
26,All,YEARMADERANGE,0.107547432035631
26,All,THERMALMASS.WALL,0.28339525891608053
26,All,THERMALMASS.ROOF,-0.13799128871039892
26,All,ADQINSUL,-0.28436059486776644
26,All,DRAFTY,1.018118055113161
26,All,WWR,0.8172933150733871
26,All,TYPEGLASS,-0.15870794206424788
26,All,COOLTYPE,-0.2506037730719456
26,All,EQUIPM,-0.055807425809038524
26,All,HVAC_OPERATION,1.9559943803889708
26,All,HVAC_MAINTENANCE,1.327421360469291
26,All,NUMFANS,0.47169195046022133
26,All,OFFGRID,-0.013560692893150775
7,Baseline,(Intercept),-1.2591966942863881
7,Baseline,DBT1,0.18329733907373602
7,Baseline,DBT99,0.8904427870650693
7,Baseline,WHITE,-0.4539492589244813
7,Baseline,BLACK,0.4095430956772603
7,Baseline,ASIAN,0.3079449932256612
7,Baseline,MIXED,0.45819480808297575
7,Baseline,OTHER_RACE,0.32144584774306045
7,Baseline,SDESCENT,0.8259940470764091
7,Baseline,OVER65,-0.3165885574830235
7,Baseline,LIVESALONE,-0.39976143517013224
7,Baseline,LARGEHOUSE,0.4597314460041097
7,Baseline,POVERTY,0.9442430221347574
7,Baseline,UNEMPLOYED,0.37452465982069494
7,Baseline,HIGHSCHOOL,0.20917790250517082
7,Baseline,RENT,0.7509217289700656
7,Baseline,ELPAY,-0.3159470382607113
7,Baseline,NGPAY,-0.08917693319882118
7,Baseline,LPGPAY,-0.2951163331227253
7,Baseline,FOPAY,-0.2370833284426678
7,All,(Intercept),-1.8071393954994952
7,All,DBT1,0.14175904526389313
7,All,DBT99,0.4609511748358871
7,All,WHITE,-0.3956642892793193
7,All,BLACK,0.30816837265251645
7,All,ASIAN,0.41584166503789793
7,All,MIXED,0.23745912675120437
7,All,OTHER_RACE,0.48018402215685324
7,All,SDESCENT,0.6547906795237556
7,All,OVER65,-0.050501044246541595
7,All,LIVESALONE,-0.21328472790939068
7,All,LARGEHOUSE,0.28164651114437717
7,All,POVERTY,0.5597284444488088
7,All,UNEMPLOYED,0.21602159027524892
7,All,HIGHSCHOOL,0.14444116205320404
7,All,RENT,0.5432309878582712
7,All,ELPAY,-0.254852339472684
7,All,NGPAY,-0.01881985409000511
7,All,LPGPAY,-0.5073246360085449
7,All,FOPAY,-0.14589857859995872
7,All,APARTMENT,0.045664418079496394
7,All,MOBILE,0.2515290580954237
7,All,YEARMADERANGE,-0.07411347556210716
7,All,THERMALMASS.WALL,0.2098371125021157
7,All,THERMALMASS.ROOF,-0.07964636137599626
7,All,ADQINSUL,-0.28845536942687044
7,All,DRAFTY,0.8338037398700419
7,All,WWR,2.639620705888861
7,All,TYPEGLASS,-0.26772481598126
7,All,COOLTYPE,-0.28681028027936045
7,All,EQUIPM,-0.010481542032254518
7,All,HVAC_OPERATION,2.0806040107206125
7,All,HVAC_MAINTENANCE,1.226385387162662
7,All,NUMFANS,-0.0401105767475773
7,All,OFFGRID,-0.006518684868398629
95,Baseline,(Intercept),-1.309066703200113
95,Baseline,DBT1,0.5685381799711757
95,Baseline,DBT99,0.5711943778926754
95,Baseline,WHITE,-0.3744572807833908
95,Baseline,BLACK,0.46890706101007273
95,Baseline,ASIAN,-0.06768431199225827
95,Baseline,MIXED,0.3297250153382168
95,Baseline,OTHER_RACE,0.3016778335777727
95,Baseline,SDESCENT,0.7247736438993784
95,Baseline,OVER65,-0.40929807174140725
95,Baseline,LIVESALONE,-0.297122920349325
95,Baseline,LARGEHOUSE,0.3904947365811026
95,Baseline,POVERTY,0.8358425956974915
95,Baseline,UNEMPLOYED,0.3440914705314603
95,Baseline,HIGHSCHOOL,0.3162897573630842
95,Baseline,RENT,0.5986555387326357
95,Baseline,ELPAY,-0.16183280693619645
95,Baseline,NGPAY,-0.19346246104136416
95,Baseline,LPGPAY,-0.04155245776140948
95,Baseline,FOPAY,7.353862834588307e-4
95,All,(Intercept),-2.150311090881797
95,All,DBT1,0.5037827861120636
95,All,DBT99,0.27655370587223055
95,All,WHITE,-0.25825282661346705
95,All,BLACK,0.295660385334176
95,All,ASIAN,0.15856206099482237
95,All,MIXED,0.03878897604329572
95,All,OTHER_RACE,0.37122297449728364
95,All,SDESCENT,0.5111861055800707
95,All,OVER65,-0.16139178057872186
95,All,LIVESALONE,-0.13663338113503315
95,All,LARGEHOUSE,0.26033766860587343
95,All,POVERTY,0.5180774776852816
95,All,UNEMPLOYED,0.2989598428529988
95,All,HIGHSCHOOL,0.2262867996155896
95,All,RENT,0.34574729337162663
95,All,ELPAY,-0.21746964863239798
95,All,NGPAY,-0.11714912999365482
95,All,LPGPAY,-0.36720891255350174
95,All,FOPAY,0.13047746262235008
95,All,APARTMENT,0.013851655189137724
95,All,MOBILE,-0.07682621557585494
95,All,YEARMADERANGE,0.14050108473477588
95,All,THERMALMASS.WALL,0.3277515764746883
95,All,THERMALMASS.ROOF,-0.09944530143038922
95,All,ADQINSUL,-0.47623476096090983
95,All,DRAFTY,1.099432211040845
95,All,WWR,1.3872266860189297
95,All,TYPEGLASS,-0.14354200247440108
95,All,COOLTYPE,-0.23872640032628786
95,All,EQUIPM,0.19277023936904467
95,All,HVAC_OPERATION,2.035823308798128
95,All,HVAC_MAINTENANCE,1.2685533955429036
95,All,NUMFANS,0.15828469270508222
95,All,OFFGRID,-0.008643355814485006
87,Baseline,(Intercept),-1.0812701523453847
87,Baseline,DBT1,-0.12456073436961662
87,Baseline,DBT99,0.8192713300995377
87,Baseline,WHITE,-0.4653805670223248
87,Baseline,BLACK,0.4477963877211124
87,Baseline,ASIAN,0.17262869381411114
87,Baseline,MIXED,0.4974198811452773
87,Baseline,OTHER_RACE,0.16268500695318402
87,Baseline,SDESCENT,0.7516994411082001
87,Baseline,OVER65,-0.3760701726639652
87,Baseline,LIVESALONE,-0.27236653388294124
87,Baseline,LARGEHOUSE,0.31871416290000687
87,Baseline,POVERTY,0.8579741773633437
87,Baseline,UNEMPLOYED,0.3465937732634592
87,Baseline,HIGHSCHOOL,0.2658978750007954
87,Baseline,RENT,0.6835432331051777
87,Baseline,ELPAY,-0.12727065825884404
87,Baseline,NGPAY,-0.1234869613886907
87,Baseline,LPGPAY,-0.0400385837932128
87,Baseline,FOPAY,-0.208304277990029
87,All,(Intercept),-1.7280887476113007
87,All,DBT1,0.09496012271519683
87,All,DBT99,0.4320182652493857
87,All,WHITE,-0.3588174890110005
87,All,BLACK,0.37389170570416086
87,All,ASIAN,0.2518699475575468
87,All,MIXED,0.23083284685171468
87,All,OTHER_RACE,0.54707070731911
87,All,SDESCENT,0.6214807692188866
87,All,OVER65,-0.17411640444974688
87,All,LIVESALONE,-0.17354387843664093
87,All,LARGEHOUSE,0.10726948033734712
87,All,POVERTY,0.5019757683877392
87,All,UNEMPLOYED,0.21172283297104397
87,All,HIGHSCHOOL,0.08552028314920368
87,All,RENT,0.4637972577918283
87,All,ELPAY,-0.2082720399832138
87,All,NGPAY,-0.10539554012186356
87,All,LPGPAY,-0.221413324213628
87,All,FOPAY,-0.05897488796176811
87,All,APARTMENT,-0.01169627761261132
87,All,MOBILE,0.16793221879833356
87,All,YEARMADERANGE,-0.010912608019705068
87,All,THERMALMASS.WALL,0.4083157925012598
87,All,THERMALMASS.ROOF,-0.02282704974554746
87,All,ADQINSUL,-0.37140138401031214
87,All,DRAFTY,1.1333530367597797
87,All,WWR,-1.84984965975777
87,All,TYPEGLASS,-0.1563758324583524
87,All,COOLTYPE,-0.1959632518529865
87,All,EQUIPM,0.09945597941842975
87,All,HVAC_OPERATION,2.0392083771040013
87,All,HVAC_MAINTENANCE,1.1364386224566208
87,All,NUMFANS,0.10558315344039047
87,All,OFFGRID,-0.04131687307689495
36,Baseline,(Intercept),-1.0050345381536216
36,Baseline,DBT1,0.06508193672588991
36,Baseline,DBT99,0.6577792576843926
36,Baseline,WHITE,-0.36777343702768794
36,Baseline,BLACK,0.3828191052466906
36,Baseline,ASIAN,0.1509451306720979
36,Baseline,MIXED,0.30046815213557676
36,Baseline,OTHER_RACE,0.33773564999906464
36,Baseline,SDESCENT,0.7748127369524646
36,Baseline,OVER65,-0.3630057522619894
36,Baseline,LIVESALONE,-0.39124716773729806
36,Baseline,LARGEHOUSE,0.12052396422416181
36,Baseline,POVERTY,0.8795620802849111
36,Baseline,UNEMPLOYED,0.3415807842832094
36,Baseline,HIGHSCHOOL,0.27157958648946445
36,Baseline,RENT,0.6684270031131337
36,Baseline,ELPAY,-0.1982181338798175
36,Baseline,NGPAY,-0.2147944308899502
36,Baseline,LPGPAY,-0.09403878660169268
36,Baseline,FOPAY,-0.21516716750870338
36,All,(Intercept),-1.805710438014236
36,All,DBT1,-0.0918391255964121
36,All,DBT99,0.17695915918929525
36,All,WHITE,-0.2466170166346423
36,All,BLACK,0.3110240737263106
36,All,ASIAN,0.3300689772417738
36,All,MIXED,0.050708984270753335
36,All,OTHER_RACE,0.44306392617014523
36,All,SDESCENT,0.6083639261006387
36,All,OVER65,-0.1925023801123353
36,All,LIVESALONE,-0.2053380841717243
36,All,LARGEHOUSE,-0.04318895433080308
36,All,POVERTY,0.5629307424620514
36,All,UNEMPLOYED,0.2611451728493202
36,All,HIGHSCHOOL,0.13986796093154188
36,All,RENT,0.4505700663704947
36,All,ELPAY,-0.2509177432192957
36,All,NGPAY,-0.19513567042731164
36,All,LPGPAY,-0.4388381590083702
36,All,FOPAY,-0.09202493833580419
36,All,APARTMENT,0.17651029774965876
36,All,MOBILE,0.14419196433124312
36,All,YEARMADERANGE,0.08107176952363948
36,All,THERMALMASS.WALL,0.20430990726251794
36,All,THERMALMASS.ROOF,0.07618640992796352
36,All,ADQINSUL,-0.2998981504990472
36,All,DRAFTY,0.9583873906139224
36,All,WWR,2.1262557763034424
36,All,TYPEGLASS,-0.1411865935090546
36,All,COOLTYPE,-0.22550867633943106
36,All,EQUIPM,0.04123396543328086
36,All,HVAC_OPERATION,2.0643788384885866
36,All,HVAC_MAINTENANCE,1.3129753598386726
36,All,NUMFANS,0.5379804316914188
36,All,OFFGRID,0.1175667215926139
78,Baseline,(Intercept),-1.2584746238407876
78,Baseline,DBT1,0.7249779490933926
78,Baseline,DBT99,0.7114210717303251
78,Baseline,WHITE,-0.5024570516596384
78,Baseline,BLACK,0.4544504221611745
78,Baseline,ASIAN,0.09078827622995064
78,Baseline,MIXED,0.5451393155337588
78,Baseline,OTHER_RACE,0.3834377436640565
78,Baseline,SDESCENT,0.7880998971525353
78,Baseline,OVER65,-0.27021334729589735
78,Baseline,LIVESALONE,-0.40441087558409433
78,Baseline,LARGEHOUSE,0.37109166940175514
78,Baseline,POVERTY,0.7489239083769283
78,Baseline,UNEMPLOYED,0.3967300931569223
78,Baseline,HIGHSCHOOL,0.23392782582132662
78,Baseline,RENT,0.6961711587559115
78,Baseline,ELPAY,-0.3972897046233941
78,Baseline,NGPAY,-0.06174129734005325
78,Baseline,LPGPAY,-0.12563531508689785
78,Baseline,FOPAY,-0.010558508975444714
78,All,(Intercept),-1.6767801304588716
78,All,DBT1,0.45429072041088786
78,All,DBT99,0.2647270922054955
78,All,WHITE,-0.42425531472297584
78,All,BLACK,0.18680278264266742
78,All,ASIAN,0.3479928542935412
78,All,MIXED,0.28735911772292677
78,All,OTHER_RACE,0.44236307536016456
78,All,SDESCENT,0.5474867279043795
78,All,OVER65,-0.0891867739362918
78,All,LIVESALONE,-0.2621278165253016
78,All,LARGEHOUSE,0.3251965990922022
78,All,POVERTY,0.47994097767736815
78,All,UNEMPLOYED,0.25985220889621846
78,All,HIGHSCHOOL,0.17641525643098746
78,All,RENT,0.46005989968874816
78,All,ELPAY,-0.3813690500226325
78,All,NGPAY,0.030407711490118148
78,All,LPGPAY,-0.4861611404582207
78,All,FOPAY,0.16444278355266406
78,All,APARTMENT,-5.977779166795955e-4
78,All,MOBILE,0.022831277492330354
78,All,YEARMADERANGE,0.003025981031824537
78,All,THERMALMASS.WALL,-0.03841564075290834
78,All,THERMALMASS.ROOF,-0.02870838151635863
78,All,ADQINSUL,-0.35937941358262965
78,All,DRAFTY,0.8269934113574667
78,All,WWR,0.6097186946913683
78,All,TYPEGLASS,-0.2475189708321637
78,All,COOLTYPE,-0.24423105691155597
78,All,EQUIPM,0.09523940744019378
78,All,HVAC_OPERATION,2.1198591530125728
78,All,HVAC_MAINTENANCE,1.2251147525971007
78,All,NUMFANS,0.1369777371429998
78,All,OFFGRID,-0.0574186778230736
93,Baseline,(Intercept),-1.062748867603752
93,Baseline,DBT1,0.26017940144521523
93,Baseline,DBT99,0.6444195568910602
93,Baseline,WHITE,-0.4793131121493455
93,Baseline,BLACK,0.4720580030768343
93,Baseline,ASIAN,0.19473545995419553
93,Baseline,MIXED,0.3563304465576801
93,Baseline,OTHER_RACE,0.39435854659706093
93,Baseline,SDESCENT,0.825374399541051
93,Baseline,OVER65,-0.21681129331649918
93,Baseline,LIVESALONE,-0.30495531220964733
93,Baseline,LARGEHOUSE,0.31210214216005944
93,Baseline,POVERTY,0.8714319083349066
93,Baseline,UNEMPLOYED,0.2638411117338776
93,Baseline,HIGHSCHOOL,0.25963058594517874
93,Baseline,RENT,0.6395497899251128
93,Baseline,ELPAY,-0.2866707960882233
93,Baseline,NGPAY,-0.11016564198038395
93,Baseline,LPGPAY,-0.25013193961870755
93,Baseline,FOPAY,-0.24166120714342906
93,All,(Intercept),-1.3569950547302654
93,All,DBT1,0.12114522753879345
93,All,DBT99,0.11833673437347961
93,All,WHITE,-0.34489911658018774
93,All,BLACK,0.29269856434873415
93,All,ASIAN,0.4684201299780204
93,All,MIXED,0.13781966451908345
93,All,OTHER_RACE,0.47888224421443654
93,All,SDESCENT,0.7148171588895234
93,All,OVER65,-0.005406876792844285
93,All,LIVESALONE,-0.11669430015105735
93,All,LARGEHOUSE,0.18642983366912416
93,All,POVERTY,0.5520663097347215
93,All,UNEMPLOYED,0.07238486216996379
93,All,HIGHSCHOOL,0.14006090132804444
93,All,RENT,0.3528036246284288
93,All,ELPAY,-0.2478278827687685
93,All,NGPAY,-0.03694273595985598
93,All,LPGPAY,-0.46692505060675993
93,All,FOPAY,-0.1265387509593184
93,All,APARTMENT,0.10573062993537627
93,All,MOBILE,0.18119340212717125
93,All,YEARMADERANGE,0.09174755776087108
93,All,THERMALMASS.WALL,0.3309370780071538
93,All,THERMALMASS.ROOF,-0.10988075825400216
93,All,ADQINSUL,-0.40904294298101057
93,All,DRAFTY,0.8941937221413437
93,All,WWR,-0.43214964237714815
93,All,TYPEGLASS,-0.5398483880539985
93,All,COOLTYPE,-0.23291926595233062
93,All,EQUIPM,-0.011674722606755877
93,All,HVAC_OPERATION,1.9923697183776639
93,All,HVAC_MAINTENANCE,1.371322931713332
93,All,NUMFANS,0.04749293301441068
93,All,OFFGRID,-0.020425914352986217
76,Baseline,(Intercept),-1.3725784270192811
76,Baseline,DBT1,0.7656865415748679
76,Baseline,DBT99,0.21985254162645518
76,Baseline,WHITE,-0.39491459104588894
76,Baseline,BLACK,0.49441024461848004
76,Baseline,ASIAN,0.1396315970426553
76,Baseline,MIXED,0.24738729566694145
76,Baseline,OTHER_RACE,0.4191806777802269
76,Baseline,SDESCENT,0.6726485390525959
76,Baseline,OVER65,-0.31921464620658213
76,Baseline,LIVESALONE,-0.40328765753072837
76,Baseline,LARGEHOUSE,0.419444697917485
76,Baseline,POVERTY,0.8700292100832466
76,Baseline,UNEMPLOYED,0.5129498832782822
76,Baseline,HIGHSCHOOL,0.34747993508223685
76,Baseline,RENT,0.6561112104971739
76,Baseline,ELPAY,-0.20946835773536
76,Baseline,NGPAY,-0.08511898715971743
76,Baseline,LPGPAY,-0.1491461981753875
76,Baseline,FOPAY,-0.0060872193477834605
76,All,(Intercept),-1.6202735076947128
76,All,DBT1,0.44761530800599375
76,All,DBT99,-0.5716078734358156
76,All,WHITE,-0.3512946873498844
76,All,BLACK,0.30971881194070877
76,All,ASIAN,0.21861994917999722
76,All,MIXED,0.0448381755413112
76,All,OTHER_RACE,0.4367526792107963
76,All,SDESCENT,0.44387527636764945
76,All,OVER65,-0.12782579024214485
76,All,LIVESALONE,-0.14456927373631384
76,All,LARGEHOUSE,0.11764539949324775
76,All,POVERTY,0.5222171539177517
76,All,UNEMPLOYED,0.3677871961689876
76,All,HIGHSCHOOL,0.21969212763492033
76,All,RENT,0.3722650736505465
76,All,ELPAY,-0.22988635667811946
76,All,NGPAY,-0.04747749995973499
76,All,LPGPAY,-0.3434333492510214
76,All,FOPAY,0.12174404173969534
76,All,APARTMENT,0.1303050921678001
76,All,MOBILE,0.1968834204983181
76,All,YEARMADERANGE,0.026762818727672916
76,All,THERMALMASS.WALL,0.3227760972020487
76,All,THERMALMASS.ROOF,0.0043099122007452095
76,All,ADQINSUL,-0.14320115338030814
76,All,DRAFTY,1.0048795615074468
76,All,WWR,-1.0589158441296764
76,All,TYPEGLASS,-0.4590520580900998
76,All,COOLTYPE,-0.13702419021842616
76,All,EQUIPM,0.04798017575861024
76,All,HVAC_OPERATION,1.898971618532542
76,All,HVAC_MAINTENANCE,1.2853607427763953
76,All,NUMFANS,0.452271668407994
76,All,OFFGRID,0.07715936096584061
15,Baseline,(Intercept),-0.9119048782703795
15,Baseline,DBT1,-0.03712131677440288
15,Baseline,DBT99,0.3583796724222185
15,Baseline,WHITE,-0.42291363485222405
15,Baseline,BLACK,0.5701658683271585
15,Baseline,ASIAN,-0.06677339042589621
15,Baseline,MIXED,0.4631567476851266
15,Baseline,OTHER_RACE,0.2931685029298954
15,Baseline,SDESCENT,0.6654488644278155
15,Baseline,OVER65,-0.3992993632365805
15,Baseline,LIVESALONE,-0.3730972453224101
15,Baseline,LARGEHOUSE,0.34645684913965435
15,Baseline,POVERTY,0.8657146478340337
15,Baseline,UNEMPLOYED,0.4470131875184372
15,Baseline,HIGHSCHOOL,0.22591952742849877
15,Baseline,RENT,0.5780925064459197
15,Baseline,ELPAY,-0.06234030098061962
15,Baseline,NGPAY,-0.12303986439428352
15,Baseline,LPGPAY,-0.14934605979081983
15,Baseline,FOPAY,-0.41402761265794075
15,All,(Intercept),-1.3030592433174168
15,All,DBT1,-0.17587432794193172
15,All,DBT99,-0.03935235122093482
15,All,WHITE,-0.39480731707147293
15,All,BLACK,0.3098742141999108
15,All,ASIAN,0.13586647738516672
15,All,MIXED,0.13525719786520893
15,All,OTHER_RACE,0.3584004665842769
15,All,SDESCENT,0.4735559413801832
15,All,OVER65,-0.1499990134128134
15,All,LIVESALONE,-0.2057085992242365
15,All,LARGEHOUSE,0.18110537360691362
15,All,POVERTY,0.5601474508655904
15,All,UNEMPLOYED,0.326709502452738
15,All,HIGHSCHOOL,0.11199955924933107
15,All,RENT,0.3468991624291735
15,All,ELPAY,0.01761754080679045
15,All,NGPAY,-0.09285786195491404
15,All,LPGPAY,-0.37230818849450525
15,All,FOPAY,-0.48322511091445475
15,All,APARTMENT,-0.011381036349840517
15,All,MOBILE,0.18816057513738638
15,All,YEARMADERANGE,-0.05417647782290574
15,All,THERMALMASS.WALL,0.06879447892225105
15,All,THERMALMASS.ROOF,-0.06046887133970088
15,All,ADQINSUL,-0.2910872449321538
15,All,DRAFTY,0.835454457684803
15,All,WWR,1.0650294084664793
15,All,TYPEGLASS,-0.3554962443994209
15,All,COOLTYPE,-0.2369313802463043
15,All,EQUIPM,-0.03905814947099307
15,All,HVAC_OPERATION,2.057273185770903
15,All,HVAC_MAINTENANCE,1.2338040012203366
15,All,NUMFANS,0.2518162599988005
15,All,OFFGRID,-0.16409627061739931
32,Baseline,(Intercept),-1.65135564281614
32,Baseline,DBT1,0.8611902896139518
32,Baseline,DBT99,0.6795901590162411
32,Baseline,WHITE,-0.3846995740612557
32,Baseline,BLACK,0.3820863486461052
32,Baseline,ASIAN,0.05135915809771867
32,Baseline,MIXED,0.36448003067375706
32,Baseline,OTHER_RACE,0.3103304181267566
32,Baseline,SDESCENT,0.7273319043869885
32,Baseline,OVER65,-0.4852932763142244
32,Baseline,LIVESALONE,-0.2673381773454298
32,Baseline,LARGEHOUSE,0.378137647601346
32,Baseline,POVERTY,0.731607596727555
32,Baseline,UNEMPLOYED,0.4524168646938148
32,Baseline,HIGHSCHOOL,0.29055137232787426
32,Baseline,RENT,0.6692154581762453
32,Baseline,ELPAY,-0.03752826118737701
32,Baseline,NGPAY,-0.1586805115385479
32,Baseline,LPGPAY,-0.05724687944169361
32,Baseline,FOPAY,-0.3560569644217093
32,All,(Intercept),-2.573829495256625
32,All,DBT1,0.5976628445398763
32,All,DBT99,0.4563013537298108
32,All,WHITE,-0.24026411687877733
32,All,BLACK,0.17456180043178413
32,All,ASIAN,0.09048598681323772
32,All,MIXED,0.126090565331707
32,All,OTHER_RACE,0.3004734280821153
32,All,SDESCENT,0.4849591577903529
32,All,OVER65,-0.20385091813985615
32,All,LIVESALONE,-0.11359574527689466
32,All,LARGEHOUSE,0.3316666239515308
32,All,POVERTY,0.41931423240365684
32,All,UNEMPLOYED,0.30413623428466946
32,All,HIGHSCHOOL,0.18875055307288732
32,All,RENT,0.41489692274743406
32,All,ELPAY,0.059426232922933246
32,All,NGPAY,-0.10542512460186115
32,All,LPGPAY,-0.4148025004756076
32,All,FOPAY,-0.10342366746409165
32,All,APARTMENT,0.1207404560265671
32,All,MOBILE,0.14405420616002163
32,All,YEARMADERANGE,0.183077282619466
32,All,THERMALMASS.WALL,-0.22923643465169274
32,All,THERMALMASS.ROOF,-0.041956895605713015
32,All,ADQINSUL,-0.09879790527550934
32,All,DRAFTY,1.0527197065927634
32,All,WWR,0.19101951068659767
32,All,TYPEGLASS,-0.21379734011881504
32,All,COOLTYPE,-0.10826048937962778
32,All,EQUIPM,-0.04730484391196278
32,All,HVAC_OPERATION,2.1301296141133435
32,All,HVAC_MAINTENANCE,1.2461746570081067
32,All,NUMFANS,-0.10206837770164985
32,All,OFFGRID,-0.06994426986397355
84,Baseline,(Intercept),-1.0264714844290517
84,Baseline,DBT1,0.3287399322784716
84,Baseline,DBT99,0.4145330528857593
84,Baseline,WHITE,-0.4409756856211847
84,Baseline,BLACK,0.3643271410414691
84,Baseline,ASIAN,0.08802147378467254
84,Baseline,MIXED,0.43599846339585835
84,Baseline,OTHER_RACE,0.45348803564170265
84,Baseline,SDESCENT,0.8214997861308447
84,Baseline,OVER65,-0.2689547859620493
84,Baseline,LIVESALONE,-0.26438599775214117
84,Baseline,LARGEHOUSE,0.3618328120002442
84,Baseline,POVERTY,0.8478759603183624
84,Baseline,UNEMPLOYED,0.410031374792252
84,Baseline,HIGHSCHOOL,0.21189462586735372
84,Baseline,RENT,0.7109956006057195
84,Baseline,ELPAY,-0.3396663884642695
84,Baseline,NGPAY,-0.07436850596041175
84,Baseline,LPGPAY,-0.14184316029755625
84,Baseline,FOPAY,-0.20014037529575993
84,All,(Intercept),-1.453484939129269
84,All,DBT1,0.12916547928733577
84,All,DBT99,-0.15822943592804134
84,All,WHITE,-0.35258525489696896
84,All,BLACK,0.23539558233077854
84,All,ASIAN,0.309543076076137
84,All,MIXED,0.2508866558817582
84,All,OTHER_RACE,0.4483625235592379
84,All,SDESCENT,0.6059878879890715
84,All,OVER65,-0.05757173944350499
84,All,LIVESALONE,-0.09116497807362856
84,All,LARGEHOUSE,0.21509520681855962
84,All,POVERTY,0.4917355791267519
84,All,UNEMPLOYED,0.2660755093359224
84,All,HIGHSCHOOL,0.15265117886244642
84,All,RENT,0.442992367219267
84,All,ELPAY,-0.399726871042265
84,All,NGPAY,0.011664145236005861
84,All,LPGPAY,-0.37891916094865563
84,All,FOPAY,-0.07089895250616937
84,All,APARTMENT,0.07536846204854362
84,All,MOBILE,-0.014722834972658468
84,All,YEARMADERANGE,0.17318794518264982
84,All,THERMALMASS.WALL,0.21492830826917975
84,All,THERMALMASS.ROOF,6.881061983467512e-4
84,All,ADQINSUL,-0.23780841797908553
84,All,DRAFTY,0.9329754153505585
84,All,WWR,0.12853320200584276
84,All,TYPEGLASS,-0.43925269805739947
84,All,COOLTYPE,-0.19186469833100567
84,All,EQUIPM,0.04986044284182867
84,All,HVAC_OPERATION,1.9310307773711413
84,All,HVAC_MAINTENANCE,1.3282143412519984
84,All,NUMFANS,0.45915373848978264
84,All,OFFGRID,-0.007563788043193346
82,Baseline,(Intercept),-1.1235350959249804
82,Baseline,DBT1,0.4496369631266583
82,Baseline,DBT99,0.678589236682976
82,Baseline,WHITE,-0.4035345794689017
82,Baseline,BLACK,0.4244230449042645
82,Baseline,ASIAN,0.33764106400305266
82,Baseline,MIXED,0.42127542439271876
82,Baseline,OTHER_RACE,0.06651030677749233
82,Baseline,SDESCENT,0.7315834270172706
82,Baseline,OVER65,-0.3663602674453158
82,Baseline,LIVESALONE,-0.30825295975844086
82,Baseline,LARGEHOUSE,0.4223408061359225
82,Baseline,POVERTY,0.7447966231767856
82,Baseline,UNEMPLOYED,0.3542209215406544
82,Baseline,HIGHSCHOOL,0.25709508568372197
82,Baseline,RENT,0.6074384073486812
82,Baseline,ELPAY,-0.3570857323002482
82,Baseline,NGPAY,0.0033364851493138817
82,Baseline,LPGPAY,-0.04103417908803335
82,Baseline,FOPAY,-0.04589023464573237
82,All,(Intercept),-1.5633802783952515
82,All,DBT1,0.31048124359413304
82,All,DBT99,0.49572347778779086
82,All,WHITE,-0.32828457817475754
82,All,BLACK,0.2923910647113531
82,All,ASIAN,0.35222181364408384
82,All,MIXED,0.18635048552260705
82,All,OTHER_RACE,0.42718856166345737
82,All,SDESCENT,0.6106947094693965
82,All,OVER65,-0.13803978119548732
82,All,LIVESALONE,-0.18414666967558535
82,All,LARGEHOUSE,0.2804957944917741
82,All,POVERTY,0.4263647150227408
82,All,UNEMPLOYED,0.18992450897776075
82,All,HIGHSCHOOL,0.24294083185556417
82,All,RENT,0.3270557168544302
82,All,ELPAY,-0.37668977461824577
82,All,NGPAY,-0.050311991186161246
82,All,LPGPAY,-0.30620789470123083
82,All,FOPAY,0.031455179342169876
82,All,APARTMENT,-0.12903647811922092
82,All,MOBILE,0.05771087738341579
82,All,YEARMADERANGE,-0.07621928214759403
82,All,THERMALMASS.WALL,0.1351697450367743
82,All,THERMALMASS.ROOF,-0.0030939713708984834
82,All,ADQINSUL,-0.5071458364732225
82,All,DRAFTY,0.9159509585803568
82,All,WWR,1.418755253862764
82,All,TYPEGLASS,-0.17481106577193675
82,All,COOLTYPE,-0.1747266229716667
82,All,EQUIPM,0.07164747104339807
82,All,HVAC_OPERATION,2.0076185803350803
82,All,HVAC_MAINTENANCE,1.2044134718942536
82,All,NUMFANS,0.04885915052497226
82,All,OFFGRID,-0.13791888998995364
41,Baseline,(Intercept),-1.2018647910327667
41,Baseline,DBT1,0.29246942006976073
41,Baseline,DBT99,0.61446361998479
41,Baseline,WHITE,-0.40750502665981103
41,Baseline,BLACK,0.3836671936982197
41,Baseline,ASIAN,0.0835628114327896
41,Baseline,MIXED,0.5369372879880231
41,Baseline,OTHER_RACE,0.3040348404417819
41,Baseline,SDESCENT,0.7619707410138518
41,Baseline,OVER65,-0.3402208122834158
41,Baseline,LIVESALONE,-0.23645486403995866
41,Baseline,LARGEHOUSE,0.3781822850906529
41,Baseline,POVERTY,0.7728607468286869
41,Baseline,UNEMPLOYED,0.3553233565925172
41,Baseline,HIGHSCHOOL,0.22736762543509384
41,Baseline,RENT,0.6503264514069277
41,Baseline,ELPAY,-0.08872756485897916
41,Baseline,NGPAY,-0.16489298749581488
41,Baseline,LPGPAY,-0.023949801676517488
41,Baseline,FOPAY,-0.13510954343845197
41,All,(Intercept),-1.585265934073968
41,All,DBT1,0.10063056185781673
41,All,DBT99,-0.020922837625732472
41,All,WHITE,-0.3114962208679058
41,All,BLACK,0.21804948738863883
41,All,ASIAN,0.18989813736964986
41,All,MIXED,0.27186122730217893
41,All,OTHER_RACE,0.43315514471451216
41,All,SDESCENT,0.6757333564923423
41,All,OVER65,-0.14403814748089483
41,All,LIVESALONE,-0.10133171566773606
41,All,LARGEHOUSE,0.32933714575152356
41,All,POVERTY,0.4056489741313378
41,All,UNEMPLOYED,0.15712064898510514
41,All,HIGHSCHOOL,0.19909803731901157
41,All,RENT,0.3383585050057251
41,All,ELPAY,-0.15776381739007492
41,All,NGPAY,-0.07901632902129387
41,All,LPGPAY,-0.3340433640620887
41,All,FOPAY,-0.0144255374543394
41,All,APARTMENT,0.15811307453874116
41,All,MOBILE,0.05894607464803668
41,All,YEARMADERANGE,0.1452700384307822
41,All,THERMALMASS.WALL,0.4911347193725157
41,All,THERMALMASS.ROOF,-0.045010674626092394
41,All,ADQINSUL,-0.2818051731092426
41,All,DRAFTY,0.9369727128156502
41,All,WWR,-0.7361089004972048
41,All,TYPEGLASS,-0.4697075276019603
41,All,COOLTYPE,-0.22755615674621615
41,All,EQUIPM,0.1177092638296537
41,All,HVAC_OPERATION,2.0354214011929637
41,All,HVAC_MAINTENANCE,1.2642506290349604
41,All,NUMFANS,0.4601255967508306
41,All,OFFGRID,-0.044713761639139836
23,Baseline,(Intercept),-1.1135638430802337
23,Baseline,DBT1,0.18076347330269796
23,Baseline,DBT99,0.7467651293946724
23,Baseline,WHITE,-0.42334864584807563
23,Baseline,BLACK,0.341800825860234
23,Baseline,ASIAN,0.26653806470119623
23,Baseline,MIXED,0.4027534110869688
23,Baseline,OTHER_RACE,0.4091579357302895
23,Baseline,SDESCENT,0.7657027254251944
23,Baseline,OVER65,-0.36488408277919127
23,Baseline,LIVESALONE,-0.3871564344922382
23,Baseline,LARGEHOUSE,0.3898296182901532
23,Baseline,POVERTY,0.7739924387135669
23,Baseline,UNEMPLOYED,0.43274877166843445
23,Baseline,HIGHSCHOOL,0.19694168150657063
23,Baseline,RENT,0.6486686381705454
23,Baseline,ELPAY,-0.19700446655784243
23,Baseline,NGPAY,-0.11324577965207083
23,Baseline,LPGPAY,-0.24577557116911436
23,Baseline,FOPAY,-0.06851641719427179
23,All,(Intercept),-1.6869393035925035
23,All,DBT1,0.316078810249861
23,All,DBT99,0.11288613060429381
23,All,WHITE,-0.3737505093688067
23,All,BLACK,0.16685789144070498
23,All,ASIAN,0.4378327677382765
23,All,MIXED,0.24890381735382883
23,All,OTHER_RACE,0.48937571618170456
23,All,SDESCENT,0.48406033702702184
23,All,OVER65,-0.15420389405613708
23,All,LIVESALONE,-0.20230269015442776
23,All,LARGEHOUSE,0.18248194015138244
23,All,POVERTY,0.44822868069881916
23,All,UNEMPLOYED,0.2642859207955058
23,All,HIGHSCHOOL,0.1757108859200654
23,All,RENT,0.3712484908921671
23,All,ELPAY,-0.1403934565376846
23,All,NGPAY,-0.1125238703160963
23,All,LPGPAY,-0.4949301928962523
23,All,FOPAY,0.07697320994949322
23,All,APARTMENT,0.041809003119463145
23,All,MOBILE,0.051576252984061065
23,All,YEARMADERANGE,0.12777742406943135
23,All,THERMALMASS.WALL,0.25405086123929893
23,All,THERMALMASS.ROOF,-0.08676914570182594
23,All,ADQINSUL,-0.26650783933938954
23,All,DRAFTY,0.8619304513829821
23,All,WWR,0.22965478680732734
23,All,TYPEGLASS,-0.2603470485669741
23,All,COOLTYPE,-0.2831725254128598
23,All,EQUIPM,0.1432378479428072
23,All,HVAC_OPERATION,1.9957579385835058
23,All,HVAC_MAINTENANCE,1.2888133843081757
23,All,NUMFANS,-0.17187902036913086
23,All,OFFGRID,0.0644026695984062
27,Baseline,(Intercept),-1.41796409406586
27,Baseline,DBT1,0.7069288541506128
27,Baseline,DBT99,0.3682984580452882
27,Baseline,WHITE,-0.4421883326929445
27,Baseline,BLACK,0.520625233121205
27,Baseline,ASIAN,0.069205442199096745
27,Baseline,MIXED,0.3310724913090254
27,Baseline,OTHER_RACE,0.39041118083321785
27,Baseline,SDESCENT,0.800921930340328
27,Baseline,OVER65,-0.5236062382464695
27,Baseline,LIVESALONE,-0.263524457715901
27,Baseline,LARGEHOUSE,0.3630705210987166
27,Baseline,POVERTY,0.9608832125145208
27,Baseline,UNEMPLOYED,0.5987550904565545
27,Baseline,HIGHSCHOOL,0.23020420444475906
27,Baseline,RENT,0.7474500002232499
27,Baseline,ELPAY,-0.30975785077366386
27,Baseline,NGPAY,-0.14378605363207406
27,Baseline,LPGPAY,-0.21555326261606172
27,Baseline,FOPAY,0.11506342315713351
27,All,(Intercept),-1.9975576202506211
27,All,DBT1,0.4374223341397046
27,All,DBT99,-0.1377222192801317
27,All,WHITE,-0.3005462995433029
27,All,BLACK,0.31634113845336204
27,All,ASIAN,0.252240184887822
27,All,MIXED,0.10225174042345353
27,All,OTHER_RACE,0.4834437890103077
27,All,SDESCENT,0.6300938606625166
27,All,OVER65,-0.20431074159775423
27,All,LIVESALONE,-0.09006761702787863
27,All,LARGEHOUSE,0.21305462130354103
27,All,POVERTY,0.6746675184556311
27,All,UNEMPLOYED,0.4160658522476873
27,All,HIGHSCHOOL,0.10434054928150407
27,All,RENT,0.419424887673532
27,All,ELPAY,-0.3981340530224412
27,All,NGPAY,-0.03228588845200837
27,All,LPGPAY,-0.5409414661619215
27,All,FOPAY,0.13398355324415853
27,All,APARTMENT,0.04314870786461232
27,All,MOBILE,0.08940307977462315
27,All,YEARMADERANGE,0.04311302706232945
27,All,THERMALMASS.WALL,0.1218202012846101
27,All,THERMALMASS.ROOF,-0.09881874421611453
27,All,ADQINSUL,-0.1420085100634689
27,All,DRAFTY,0.8827844578559829
27,All,WWR,0.6003135309635963
27,All,TYPEGLASS,-0.4926364548999119
27,All,COOLTYPE,-0.2994864810573474
27,All,EQUIPM,0.2592287720013634
27,All,HVAC_OPERATION,2.009479096619585
27,All,HVAC_MAINTENANCE,1.3464631002225962
27,All,NUMFANS,0.6784806621430998
27,All,OFFGRID,-0.11478409140432684
